Policy_ID,Latitude,Longitude,Line_of_Business,Construction_Type,Replacement_Cost_Value,HAZ_CLASS
POL-00001,36.05813112904994,-118.49404327802227,Residential,Masonry,284064,Low_or_Unzoned
POL-00002,38.18725559987185,-122.88405100071537,Residential,Wood Frame,863538,Low_or_Unzoned
POL-00003,40.728673384861885,-120.21121639521093,Residential,Wood Frame,1536510,Low_or_Unzoned
POL-00004,41.71414359553894,-120.38493908908896,Residential,Masonry,202494,Low_or_Unzoned
POL-00005,34.22733718846746,-117.76420294680936,Commercial,Masonry,2126198,Very High
POL-00006,36.6034776771001,-121.37848435504607,Residential,Wood Frame,487555,Low_or_Unzoned
POL-00007,38.31260249986261,-120.18130829330457,Residential,Wood Frame,247702,Low_or_Unzoned
POL-00008,35.27537416108457,-117.43996964543712,Residential,Steel Frame,990736,Low_or_Unzoned
POL-00009,36.83266485006184,-117.43253262543222,Residential,Wood Frame,378070,Low_or_Unzoned
POL-00010,41.673504314208316,-122.8598841667287,Residential,Wood Frame,506161,Low_or_Unzoned
POL-00011,33.427885083060644,-116.16490990896558,Residential,Masonry,391044,Low_or_Unzoned
POL-00012,36.68144869052621,-118.43302597236361,Residential,Steel Frame,281140,Low_or_Unzoned
POL-00013,33.659363231025395,-115.40593377353274,Residential,Masonry,964338,Low_or_Unzoned
POL-00014,37.20418064605707,-121.46088502299537,Commercial,Masonry,429749,Low_or_Unzoned
POL-00015,34.958409825200164,-120.18250000337034,Residential,Wood Frame,171215,Low_or_Unzoned
POL-00016,38.79396170136283,-120.01139223205219,Residential,Masonry,839740,Low_or_Unzoned
POL-00017,37.4406462011892,-118.57556592481237,Commercial,Wood Frame,205979,Low_or_Unzoned
POL-00018,41.25780523271961,-124.32989582793559,Commercial,Masonry,214784,Low_or_Unzoned
POL-00019,33.34067876949324,-115.90700553981488,Commercial,Wood Frame,1402946,Low_or_Unzoned
POL-00020,32.92965924465011,-115.15590954818994,Commercial,Wood Frame,207508,Low_or_Unzoned
POL-00021,35.16887784203012,-115.41159497669186,Residential,Wood Frame,84697,Low_or_Unzoned
POL-00022,33.208231114957826,-117.42469156816495,Residential,Wood Frame,889388,Low_or_Unzoned
POL-00023,39.836325308318244,-121.09454153780906,Residential,Masonry,423754,Low_or_Unzoned
POL-00024,34.387798974574636,-117.39692063003365,Residential,Steel Frame,454010,Low_or_Unzoned
POL-00025,35.90542442117059,-116.42989602541138,Commercial,Masonry,420163,Low_or_Unzoned
POL-00026,38.4213322048618,-122.05000536218208,Residential,Masonry,650395,Low_or_Unzoned
POL-00027,35.643531236100166,-117.93403321547824,Commercial,Wood Frame,295914,Low_or_Unzoned
POL-00028,33.10380432771723,-116.6556781951452,Commercial,Masonry,1760118,Low_or_Unzoned
POL-00029,39.43125869421161,-123.12477569856117,Residential,Masonry,165879,Low_or_Unzoned
POL-00030,33.63614533641387,-116.79141178006272,Commercial,Masonry,771351,Low_or_Unzoned
POL-00031,39.27582547861845,-120.91615421752445,Residential,Wood Frame,903197,Low_or_Unzoned
POL-00032,39.82418820956833,-121.01429920027363,Residential,Masonry,294277,Low_or_Unzoned
POL-00033,37.19105816546171,-119.6139621936354,Commercial,Masonry,238234,High
POL-00034,38.54589890700591,-120.02281725358296,Residential,Wood Frame,1219241,Low_or_Unzoned
POL-00035,35.486381820225105,-118.74447537135578,Commercial,Masonry,244583,Low_or_Unzoned
POL-00036,41.12188150229788,-121.39271369091553,Residential,Steel Frame,332591,Low_or_Unzoned
POL-00037,34.868276176914314,-117.52984301404639,Residential,Wood Frame,1098929,Very High
POL-00038,39.677735816158965,-123.9706238771768,Commercial,Masonry,555593,Low_or_Unzoned
POL-00039,34.67358257217041,-115.1509646310197,Residential,Masonry,128320,Low_or_Unzoned
POL-00040,35.2526388026808,-118.57884454906595,Residential,Masonry,2186138,Low_or_Unzoned
POL-00041,34.031602228913044,-119.24707538031852,Residential,Wood Frame,353624,Low_or_Unzoned
POL-00042,41.33212769725444,-123.77136209800608,Commercial,Masonry,391520,Low_or_Unzoned
POL-00043,40.17714360586196,-123.55629305677031,Residential,Wood Frame,663064,Low_or_Unzoned
POL-00044,40.778875606783316,-120.91993499992664,Commercial,Wood Frame,890965,Low_or_Unzoned
POL-00045,40.97931048565479,-122.99554468362227,Residential,Masonry,2594445,Low_or_Unzoned
POL-00046,40.1706814740586,-121.4197890748694,Residential,Masonry,143192,Low_or_Unzoned
POL-00047,35.52103301223271,-117.17275575219571,Commercial,Masonry,1046290,Low_or_Unzoned
POL-00048,33.54549328301293,-115.04722683237826,Residential,Wood Frame,979118,Low_or_Unzoned
POL-00049,34.665384044148446,-116.1819924545824,Residential,Wood Frame,484207,Low_or_Unzoned
POL-00050,36.55752399194944,-117.3982087873364,Commercial,Steel Frame,1014411,Low_or_Unzoned
POL-00051,33.638720989669984,-117.55073685630302,Commercial,Wood Frame,1141004,Low_or_Unzoned
POL-00052,35.70734412833447,-117.84602820246195,Residential,Masonry,178872,Low_or_Unzoned
POL-00053,39.17868010950419,-121.10293066890235,Residential,Masonry,2190878,Low_or_Unzoned
POL-00054,35.95448122260329,-117.51691211543037,Commercial,Masonry,155280,Low_or_Unzoned
POL-00055,41.64324930195006,-120.90132528300697,Commercial,Wood Frame,217890,Low_or_Unzoned
POL-00056,35.358343943259314,-115.76905750232166,Commercial,Masonry,438260,Low_or_Unzoned
POL-00057,37.275450720674186,-120.27871422267347,Residential,Masonry,2520461,High
POL-00058,32.9890481368749,-116.84613839889585,Commercial,Wood Frame,422267,Low_or_Unzoned
POL-00059,35.14714141024781,-116.31188071789428,Residential,Wood Frame,526735,Low_or_Unzoned
POL-00060,41.12852591668321,-123.25870446594357,Residential,Wood Frame,1699191,Low_or_Unzoned
POL-00061,33.87650128486662,-117.02256101825364,Residential,Wood Frame,424957,Low_or_Unzoned
POL-00062,37.149801222636846,-120.75574015214484,Residential,Masonry,210502,High
POL-00063,41.86367931405071,-121.82794601800826,Residential,Masonry,387012,Low_or_Unzoned
POL-00064,35.99393976083291,-119.0981560587311,Residential,Steel Frame,1617890,Low_or_Unzoned
POL-00065,37.589859498710204,-120.51021967086335,Residential,Wood Frame,571884,High
POL-00066,33.35775281551688,-118.12507955072245,Residential,Masonry,2532016,Low_or_Unzoned
POL-00067,40.435373708097764,-120.41837334729627,Residential,Wood Frame,975151,Low_or_Unzoned
POL-00068,38.93686143750168,-122.64258201634817,Residential,Masonry,322594,Low_or_Unzoned
POL-00069,37.36488405384317,-119.8369126524805,Residential,Masonry,562902,High
POL-00070,34.65170986438041,-118.91534645169733,Residential,Steel Frame,273054,Very High
POL-00071,41.39893489299898,-121.0671192444649,Residential,Masonry,316555,Low_or_Unzoned
POL-00072,35.74013033497746,-120.27161092955711,Residential,Steel Frame,19448245,Low_or_Unzoned
POL-00073,33.5779984517856,-117.43867374192668,Commercial,Masonry,1220656,Low_or_Unzoned
POL-00074,40.83472385711932,-121.18998593618076,Commercial,Masonry,1076126,Low_or_Unzoned
POL-00075,40.26361090191155,-123.15257844701797,Commercial,Wood Frame,328225,Low_or_Unzoned
POL-00076,34.79759676355429,-117.14357928785826,Residential,Masonry,1896778,Low_or_Unzoned
POL-00077,33.384476294156045,-116.58854283807423,Residential,Masonry,1302156,Low_or_Unzoned
POL-00078,35.720783014962656,-117.99868627865871,Residential,Wood Frame,2434609,Low_or_Unzoned
POL-00079,41.02254746954948,-121.5123154503922,Commercial,Wood Frame,2341942,Low_or_Unzoned
POL-00080,33.463979657227306,-118.35158084767033,Residential,Masonry,165500,Low_or_Unzoned
POL-00081,34.7538663312196,-115.88929122841569,Residential,Wood Frame,222376,Low_or_Unzoned
POL-00082,40.56762239969469,-121.85072476576829,Residential,Wood Frame,242066,Low_or_Unzoned
POL-00083,38.74732247685326,-121.26840549442194,Residential,Masonry,253938,Low_or_Unzoned
POL-00084,33.38991029436688,-115.07167941884076,Commercial,Steel Frame,699948,Low_or_Unzoned
POL-00085,35.01942249297639,-118.37713269945438,Commercial,Masonry,343367,Low_or_Unzoned
POL-00086,34.817901612101295,-116.83267196354889,Commercial,Wood Frame,2836492,Low_or_Unzoned
POL-00087,41.743600270148235,-120.66936406281812,Residential,Wood Frame,2479937,Low_or_Unzoned
POL-00088,36.23442838433422,-117.76986195496305,Commercial,Wood Frame,537578,Low_or_Unzoned
POL-00089,38.495816946973996,-122.50567056719561,Residential,Wood Frame,2582480,Low_or_Unzoned
POL-00090,37.275052384499325,-118.65712130783737,Commercial,Wood Frame,1777125,Low_or_Unzoned
POL-00091,37.98058690395041,-120.73447338948729,Residential,Steel Frame,376786,High
POL-00092,39.3632950949843,-121.1843819118803,Residential,Wood Frame,108296,Low_or_Unzoned
POL-00093,32.73100168109881,-116.45146317967291,Residential,Wood Frame,453896,Low_or_Unzoned
POL-00094,41.56232148152458,-120.34265912494253,Residential,Wood Frame,322643,Low_or_Unzoned
POL-00095,36.016507652426725,-119.73107154126458,Commercial,Wood Frame,637433,Low_or_Unzoned
POL-00096,41.68322078091486,-123.23530293003606,Commercial,Wood Frame,580347,Low_or_Unzoned
POL-00097,35.29726447466106,-120.53268825586454,Residential,Wood Frame,568305,Low_or_Unzoned
POL-00098,40.58579837941014,-120.93729469324954,Residential,Steel Frame,821549,Low_or_Unzoned
POL-00099,35.51075904898464,-119.18771762964464,Residential,Wood Frame,204839,Low_or_Unzoned
POL-00100,37.915581115848966,-120.77535015433277,Commercial,Wood Frame,750945,High
POL-00101,37.4241316974555,-120.43361868003916,Residential,Wood Frame,380144,High
POL-00102,40.73718702651099,-122.90996069911539,Residential,Wood Frame,634115,Low_or_Unzoned
POL-00103,37.35775278917891,-118.1810292935728,Residential,Wood Frame,1162319,Low_or_Unzoned
POL-00104,37.26440479952839,-118.39176520207754,Residential,Wood Frame,202902,Low_or_Unzoned
POL-00105,40.08380420018436,-120.28465131956504,Commercial,Wood Frame,431475,Low_or_Unzoned
POL-00106,38.67465734238877,-120.95011370165426,Residential,Masonry,491478,Low_or_Unzoned
POL-00107,39.16868533394818,-123.16834776322061,Residential,Wood Frame,358106,Low_or_Unzoned
POL-00108,40.06003035964296,-120.38670426909607,Commercial,Wood Frame,1109992,Low_or_Unzoned
POL-00109,40.95505074726688,-122.7920614413924,Residential,Wood Frame,303667,Low_or_Unzoned
POL-00110,35.71095399008959,-116.7891603968317,Residential,Wood Frame,346514,Low_or_Unzoned
POL-00111,37.655124029721975,-118.44169306961435,Residential,Wood Frame,306221,Low_or_Unzoned
POL-00112,37.46131097052064,-121.3885790800521,Residential,Wood Frame,1294511,Low_or_Unzoned
POL-00113,39.8149387544368,-122.99357070131079,Residential,Wood Frame,364413,Low_or_Unzoned
POL-00114,38.4174595202805,-119.95589941441091,Commercial,Wood Frame,780770,Low_or_Unzoned
POL-00115,41.77059475489408,-123.6580390534728,Commercial,Wood Frame,2624928,Low_or_Unzoned
POL-00116,37.404853308861355,-119.49319178380219,Commercial,Wood Frame,508970,Low_or_Unzoned
POL-00117,35.56808649294184,-117.88402216795254,Commercial,Wood Frame,1315396,Low_or_Unzoned
POL-00118,35.07290638698971,-116.27356961948269,Residential,Steel Frame,2057666,Low_or_Unzoned
POL-00119,36.670228496703544,-121.5907728780093,Residential,Masonry,1229051,Low_or_Unzoned
POL-00120,33.245335622751526,-114.62075821962836,Residential,Masonry,533150,Low_or_Unzoned
POL-00121,39.11175495789013,-122.63988800616244,Commercial,Masonry,903188,Low_or_Unzoned
POL-00122,36.385052971935565,-116.91830632586026,Residential,Steel Frame,192932,Low_or_Unzoned
POL-00123,34.877307532563655,-119.07902535842442,Residential,Masonry,289515,Low_or_Unzoned
POL-00124,35.15937202098646,-119.44658151219801,Residential,Masonry,333120,Low_or_Unzoned
POL-00125,34.853444400261,-115.948938817678,Residential,Wood Frame,3244558,Low_or_Unzoned
POL-00126,39.69953804941151,-123.11211359358434,Residential,Wood Frame,282076,Low_or_Unzoned
POL-00127,33.602690084815706,-117.73845591580006,Commercial,Masonry,278735,Low_or_Unzoned
POL-00128,37.00465137632959,-120.47623865755386,Residential,Steel Frame,234418,High
POL-00129,37.17035081360991,-119.85293786770544,Commercial,Wood Frame,845640,High
POL-00130,34.145417764145144,-115.88488036295712,Residential,Masonry,605673,Low_or_Unzoned
POL-00131,36.28579497677505,-118.3259951339889,Commercial,Wood Frame,1289038,Low_or_Unzoned
POL-00132,38.35057593149605,-120.79241966614691,Commercial,Wood Frame,924499,Low_or_Unzoned
POL-00133,38.75758950037998,-120.15151878373551,Commercial,Wood Frame,179097,Low_or_Unzoned
POL-00134,37.967004689820854,-122.55919682155624,Residential,Wood Frame,283276,Low_or_Unzoned
POL-00135,37.68335949850138,-119.00428560531891,Residential,Wood Frame,1610834,Low_or_Unzoned
POL-00136,41.443915683376986,-122.11888743414372,Residential,Masonry,459255,Low_or_Unzoned
POL-00137,36.167975059107356,-117.50151924472313,Residential,Masonry,1397329,Low_or_Unzoned
POL-00138,41.631310356327184,-123.65888987059918,Residential,Masonry,479383,Low_or_Unzoned
POL-00139,38.98856434745539,-120.32316887024447,Commercial,Wood Frame,249166,Low_or_Unzoned
POL-00140,35.530268487790735,-119.42541000785359,Residential,Masonry,423958,Low_or_Unzoned
POL-00141,40.52631545420982,-120.48076694576807,Residential,Wood Frame,249087,Low_or_Unzoned
POL-00142,32.721083389490346,-115.6889606152571,Residential,Wood Frame,343711,Low_or_Unzoned
POL-00143,40.23745058459489,-122.97406972958471,Commercial,Masonry,634593,Low_or_Unzoned
POL-00144,35.1776203603473,-119.19018419029557,Commercial,Wood Frame,813648,Low_or_Unzoned
POL-00145,39.11900307095943,-123.75286537178195,Residential,Wood Frame,151425,Low_or_Unzoned
POL-00146,39.630840140588155,-123.47091930980221,Residential,Wood Frame,532908,Low_or_Unzoned
POL-00147,40.164930023039005,-124.037308453511,Commercial,Masonry,337968,Low_or_Unzoned
POL-00148,41.90979884900639,-122.55459307149783,Residential,Wood Frame,321665,Low_or_Unzoned
POL-00149,36.419867930658555,-118.81666383511238,Residential,Masonry,600878,Low_or_Unzoned
POL-00150,36.03417181503144,-117.72149209501201,Commercial,Masonry,347888,Low_or_Unzoned
POL-00151,39.87592312704897,-124.02135584153898,Commercial,Masonry,1632642,Low_or_Unzoned
POL-00152,40.65492114250861,-121.38556893735053,Residential,Masonry,1397855,Low_or_Unzoned
POL-00153,39.63327514401922,-122.7161857311999,Residential,Wood Frame,1390901,Low_or_Unzoned
POL-00154,39.668157303804485,-123.16708365557278,Residential,Wood Frame,363695,Low_or_Unzoned
POL-00155,37.29989753825464,-121.9186018538193,Residential,Wood Frame,250196,Low_or_Unzoned
POL-00156,40.35134592802355,-120.73953297644398,Residential,Wood Frame,577015,Low_or_Unzoned
POL-00157,41.10112877598301,-120.48753551425803,Residential,Masonry,479127,Low_or_Unzoned
POL-00158,41.525588686982644,-124.45603184190644,Residential,Wood Frame,332017,Low_or_Unzoned
POL-00159,38.50245351561309,-120.18671749500407,Residential,Wood Frame,210957,Low_or_Unzoned
POL-00160,36.760232458794036,-119.35873720166366,Residential,Masonry,522711,Low_or_Unzoned
POL-00161,35.28550233113161,-120.13784849378305,Residential,Masonry,391110,Low_or_Unzoned
POL-00162,38.888925332731866,-120.97859813471665,Residential,Masonry,937224,Low_or_Unzoned
POL-00163,39.64755802965796,-122.64063631832846,Residential,Masonry,919959,Low_or_Unzoned
POL-00164,40.02000091539556,-123.46654601443562,Residential,Masonry,1303599,Low_or_Unzoned
POL-00165,33.36645797896256,-118.20672288705725,Residential,Masonry,197316,Low_or_Unzoned
POL-00166,37.72052438207549,-120.37195514031283,Commercial,Wood Frame,744781,High
POL-00167,40.93318973620385,-123.48186045486304,Residential,Steel Frame,301953,Low_or_Unzoned
POL-00168,33.612136656062255,-116.1261025243869,Commercial,Wood Frame,203550,Low_or_Unzoned
POL-00169,33.85842097950194,-117.38576904557036,Residential,Wood Frame,383508,Low_or_Unzoned
POL-00170,38.37307160150448,-119.51155633489894,Residential,Wood Frame,1270554,Low_or_Unzoned
POL-00171,33.46066542316651,-114.8144400216107,Residential,Masonry,401171,Low_or_Unzoned
POL-00172,39.15920674886164,-121.55369146100188,Residential,Steel Frame,1890522,Low_or_Unzoned
POL-00173,33.305958283809325,-115.31977299156065,Commercial,Wood Frame,838276,Low_or_Unzoned
POL-00174,36.02110039713546,-120.30700790790816,Commercial,Wood Frame,394244,Low_or_Unzoned
POL-00175,40.221595888946275,-120.19843487242855,Commercial,Masonry,1366876,Low_or_Unzoned
POL-00176,41.867010106317274,-122.60063503552156,Residential,Steel Frame,771673,Low_or_Unzoned
POL-00177,36.0744660625437,-120.99097650118235,Residential,Wood Frame,256261,Low_or_Unzoned
POL-00178,33.29325680863735,-116.82586136935032,Residential,Wood Frame,2390569,Low_or_Unzoned
POL-00179,39.88289570131065,-120.08988445489554,Residential,Masonry,665027,Low_or_Unzoned
POL-00180,33.55637608190844,-115.40255657283315,Residential,Wood Frame,548551,Low_or_Unzoned
POL-00181,36.061270505475186,-120.34198985295104,Commercial,Masonry,272549,Low_or_Unzoned
POL-00182,40.75169171779987,-122.83326398456975,Commercial,Wood Frame,1388355,Low_or_Unzoned
POL-00183,32.615467509553255,-114.97605941564227,Residential,Wood Frame,817348,Low_or_Unzoned
POL-00184,40.96585958013168,-120.76788695767735,Residential,Wood Frame,893936,Low_or_Unzoned
POL-00185,37.761615701812545,-120.74298188197628,Residential,Wood Frame,360041,High
POL-00186,37.46942951961641,-118.45626899927913,Residential,Wood Frame,1053133,Low_or_Unzoned
POL-00187,38.479287062284996,-122.80469274232549,Residential,Wood Frame,1120685,Low_or_Unzoned
POL-00188,36.81814011529384,-118.68854634979658,Commercial,Masonry,316467,Low_or_Unzoned
POL-00189,38.050985963269454,-122.2938744744203,Residential,Wood Frame,173929,Low_or_Unzoned
POL-00190,36.828739151464276,-121.75779445863597,Residential,Steel Frame,860353,Low_or_Unzoned
POL-00191,35.135121238320764,-118.54239508636122,Residential,Wood Frame,153479,Low_or_Unzoned
POL-00192,34.287151017375734,-116.13944210070794,Residential,Masonry,610243,Low_or_Unzoned
POL-00193,35.8568461662475,-118.09386681861953,Commercial,Wood Frame,377831,Low_or_Unzoned
POL-00194,38.04473306258328,-119.37413440923645,Residential,Wood Frame,1432500,Low_or_Unzoned
POL-00195,41.75675067282858,-121.75600331220348,Commercial,Wood Frame,394638,Low_or_Unzoned
POL-00196,41.86900207255623,-120.0994555343706,Residential,Wood Frame,1310367,Low_or_Unzoned
POL-00197,37.59291548026914,-119.10606752023929,Commercial,Masonry,358123,Low_or_Unzoned
POL-00198,40.231052687216014,-124.43212424320804,Residential,Masonry,1202595,Low_or_Unzoned
POL-00199,40.3141038077701,-124.24856421465992,Residential,Masonry,2808814,Low_or_Unzoned
POL-00200,38.32744436139001,-122.66870269532926,Commercial,Wood Frame,229937,Low_or_Unzoned
POL-00201,36.47330884476088,-119.54768034711874,Commercial,Masonry,682575,Low_or_Unzoned
POL-00202,41.36092059186313,-123.54006908592005,Commercial,Masonry,4872052,Low_or_Unzoned
POL-00203,36.07640198534147,-119.02554127452572,Residential,Steel Frame,569931,Low_or_Unzoned
POL-00204,41.87912322849197,-122.4389098257338,Commercial,Masonry,567746,Low_or_Unzoned
POL-00205,36.1184631379947,-118.44027063492697,Commercial,Wood Frame,1015406,Low_or_Unzoned
POL-00206,36.95258501805222,-119.98842968477095,Residential,Wood Frame,558418,High
POL-00207,40.71486257442301,-122.60175591909501,Commercial,Wood Frame,137891,Low_or_Unzoned
POL-00208,40.222559586735734,-121.67762504218292,Residential,Masonry,1336854,Low_or_Unzoned
POL-00209,41.99731789621824,-122.41423194257725,Residential,Wood Frame,108840,Low_or_Unzoned
POL-00210,41.9680499522021,-121.9080012102448,Residential,Masonry,387149,Low_or_Unzoned
POL-00211,37.77660120322496,-121.28263778181412,Commercial,Wood Frame,1419677,Low_or_Unzoned
POL-00212,40.57165021143541,-120.02175265396046,Residential,Wood Frame,406267,Low_or_Unzoned
POL-00213,34.84980696656038,-118.03808181188123,Residential,Wood Frame,310221,Very High
POL-00214,41.56348475895786,-122.69579066624459,Residential,Wood Frame,1091879,Low_or_Unzoned
POL-00215,38.88115650185564,-121.52551376332794,Residential,Masonry,273514,Low_or_Unzoned
POL-00216,38.37221828435001,-120.29671522018356,Residential,Wood Frame,203255,Low_or_Unzoned
POL-00217,40.595724253026134,-124.28855258603245,Residential,Masonry,673074,Low_or_Unzoned
POL-00218,36.33308722901777,-118.57179829119863,Commercial,Wood Frame,466802,Low_or_Unzoned
POL-00219,33.773144670281084,-117.53821436090695,Commercial,Wood Frame,199797,Low_or_Unzoned
POL-00220,32.77343542497672,-117.3698006527958,Commercial,Masonry,899470,Low_or_Unzoned
POL-00221,33.79552901807431,-115.2625997759094,Commercial,Wood Frame,783549,Low_or_Unzoned
POL-00222,41.08950759769061,-123.0496844220274,Residential,Masonry,405224,Low_or_Unzoned
POL-00223,37.382900147018205,-119.24938827849358,Residential,Masonry,428023,Low_or_Unzoned
POL-00224,41.5204459247476,-121.21772073846284,Residential,Masonry,787260,Low_or_Unzoned
POL-00225,41.3025824390342,-122.29825208698288,Residential,Wood Frame,1400428,Low_or_Unzoned
POL-00226,34.953321688840106,-117.72117294088667,Commercial,Wood Frame,430957,Very High
POL-00227,41.81030946521203,-121.3144517918941,Residential,Masonry,912324,Low_or_Unzoned
POL-00228,35.623140297731325,-116.45848423921021,Commercial,Masonry,849293,Low_or_Unzoned
POL-00229,33.71643547009884,-117.44705697793736,Residential,Masonry,1091917,Low_or_Unzoned
POL-00230,33.943075588366796,-116.84224709498933,Commercial,Wood Frame,557628,Low_or_Unzoned
POL-00231,33.8188581401694,-118.46186397868244,Residential,Wood Frame,260443,Low_or_Unzoned
POL-00232,38.58831007563054,-122.32841212209934,Residential,Wood Frame,373248,Low_or_Unzoned
POL-00233,34.22786080179188,-119.20321261247177,Commercial,Masonry,710896,Low_or_Unzoned
POL-00234,41.01948989410711,-120.01160145424977,Residential,Wood Frame,2314655,Low_or_Unzoned
POL-00235,37.00263558249729,-117.72520495363104,Commercial,Wood Frame,366877,Low_or_Unzoned
POL-00236,35.14660822080361,-116.27443419004369,Residential,Masonry,1028724,Low_or_Unzoned
POL-00237,34.18159960062909,-114.95284670841158,Residential,Wood Frame,415631,Low_or_Unzoned
POL-00238,33.64604077545571,-116.61157129407545,Commercial,Wood Frame,590293,Low_or_Unzoned
POL-00239,34.46017032485503,-115.61569578943256,Residential,Wood Frame,1816309,Low_or_Unzoned
POL-00240,39.05875087197897,-120.54489737549065,Commercial,Wood Frame,995931,Low_or_Unzoned
POL-00241,40.0943987896359,-123.84447106358331,Residential,Wood Frame,200177,Low_or_Unzoned
POL-00242,38.46505370016362,-119.39517663189872,Residential,Wood Frame,341813,Low_or_Unzoned
POL-00243,40.798996929014386,-121.89033188026202,Residential,Wood Frame,1476193,Low_or_Unzoned
POL-00244,41.24828780505223,-121.17210247144355,Residential,Wood Frame,605313,Low_or_Unzoned
POL-00245,33.080240618621204,-116.00732360333731,Residential,Wood Frame,215545,Low_or_Unzoned
POL-00246,35.130337657398435,-115.30736917084309,Residential,Masonry,280642,Low_or_Unzoned
POL-00247,40.158912158034084,-121.32410366665457,Residential,Wood Frame,948649,Low_or_Unzoned
POL-00248,34.25294968388558,-115.4990751576172,Residential,Wood Frame,1197238,Low_or_Unzoned
POL-00249,34.48881857169875,-116.47116502095884,Residential,Wood Frame,548139,Low_or_Unzoned
POL-00250,36.00467957591284,-117.33332497294485,Residential,Wood Frame,3914706,Low_or_Unzoned
POL-00251,36.8940798032649,-121.01802308436774,Residential,Wood Frame,1044785,Low_or_Unzoned
POL-00252,34.898150971268194,-119.13901070835071,Residential,Wood Frame,444726,Low_or_Unzoned
POL-00253,39.27682106590325,-123.24049411182482,Residential,Masonry,281372,Low_or_Unzoned
POL-00254,41.00446495802839,-121.22332753115379,Residential,Wood Frame,247729,Low_or_Unzoned
POL-00255,37.55986403132272,-121.0473625125896,Residential,Masonry,706682,Low_or_Unzoned
POL-00256,34.80346978452993,-117.54570574332745,Commercial,Wood Frame,365484,Very High
POL-00257,35.05781069401912,-116.60583596745485,Commercial,Wood Frame,2061604,Low_or_Unzoned
POL-00258,32.6906763788884,-114.56962812662773,Residential,Wood Frame,1746369,Low_or_Unzoned
POL-00259,34.50875606646717,-115.48568222720868,Residential,Masonry,896679,Low_or_Unzoned
POL-00260,33.63774025228289,-117.09707048328728,Commercial,Wood Frame,210407,Low_or_Unzoned
POL-00261,38.951472031872655,-121.8506952705809,Residential,Wood Frame,315598,Low_or_Unzoned
POL-00262,38.07499062119835,-119.50750499005629,Commercial,Wood Frame,1475550,Low_or_Unzoned
POL-00263,36.600765689181955,-120.47433001888828,Commercial,Wood Frame,344395,High
POL-00264,35.19587110508788,-115.71735697906637,Residential,Steel Frame,1326047,Low_or_Unzoned
POL-00265,35.94928181578703,-118.73644886777925,Residential,Wood Frame,789916,Low_or_Unzoned
POL-00266,38.63621379265021,-122.51344417990127,Commercial,Masonry,563191,Low_or_Unzoned
POL-00267,35.88291889602954,-119.13330679586025,Commercial,Masonry,307962,Low_or_Unzoned
POL-00268,38.25486078389043,-119.66056744883089,Residential,Wood Frame,501122,Low_or_Unzoned
POL-00269,34.753654521491946,-115.79855566991094,Residential,Wood Frame,628894,Low_or_Unzoned
POL-00270,33.46693348989383,-115.78959148532797,Residential,Masonry,1234320,Low_or_Unzoned
POL-00271,33.952161822251156,-117.05141737084395,Residential,Wood Frame,266042,Low_or_Unzoned
POL-00272,34.02647304596578,-115.69203445000727,Commercial,Wood Frame,437900,Low_or_Unzoned
POL-00273,34.272386728487405,-117.45436370440444,Commercial,Masonry,560093,Low_or_Unzoned
POL-00274,35.208404102591544,-117.18124625695485,Residential,Masonry,918174,Low_or_Unzoned
POL-00275,33.2622205837856,-116.883598197534,Commercial,Masonry,261248,Low_or_Unzoned
POL-00276,36.398769856401785,-120.2183306387353,Residential,Masonry,188479,Low_or_Unzoned
POL-00277,40.26218467401816,-121.65912780687609,Residential,Wood Frame,926502,Low_or_Unzoned
POL-00278,34.123432080205625,-114.60838869536974,Residential,Wood Frame,160434,Low_or_Unzoned
POL-00279,38.85211058928209,-121.36813923054171,Residential,Wood Frame,1510549,Low_or_Unzoned
POL-00280,37.78924748363233,-120.37222111882566,Residential,Masonry,476993,High
POL-00281,35.574952745840314,-120.62406996500336,Residential,Steel Frame,156682,Low_or_Unzoned
POL-00282,36.54164616685596,-120.74948049307302,Commercial,Wood Frame,367935,High
POL-00283,37.322298597502325,-120.88703801258086,Commercial,Wood Frame,731826,High
POL-00284,34.802892457943265,-119.03428970829899,Residential,Wood Frame,352864,Low_or_Unzoned
POL-00285,35.24199025578243,-119.19203168690335,Residential,Masonry,549093,Low_or_Unzoned
POL-00286,38.021763103514814,-119.16854269902002,Residential,Wood Frame,976824,Low_or_Unzoned
POL-00287,37.55959960924007,-121.87528464587729,Commercial,Wood Frame,459662,Low_or_Unzoned
POL-00288,35.69774064284225,-117.53696438576031,Residential,Steel Frame,255340,Low_or_Unzoned
POL-00289,33.77693943092026,-118.24865311335284,Residential,Masonry,425411,Low_or_Unzoned
POL-00290,41.90462220770448,-120.06698154425288,Residential,Wood Frame,1675918,Low_or_Unzoned
POL-00291,35.56236152725987,-116.25682882901248,Residential,Steel Frame,2080359,Low_or_Unzoned
POL-00292,40.19380723561903,-122.44501727895369,Residential,Wood Frame,107372,Low_or_Unzoned
POL-00293,34.91908622025576,-115.88734015107866,Commercial,Wood Frame,1293448,Low_or_Unzoned
POL-00294,39.72216466895202,-120.10081737531499,Commercial,Wood Frame,660081,Low_or_Unzoned
POL-00295,38.15856803577452,-119.69069952586938,Residential,Masonry,1131648,Low_or_Unzoned
POL-00296,36.979973791226506,-121.805204324546,Residential,Masonry,347878,Low_or_Unzoned
POL-00297,35.81424853215846,-119.11481520579468,Residential,Wood Frame,131319,Low_or_Unzoned
POL-00298,41.33052687035435,-121.13102730112664,Commercial,Steel Frame,862500,Low_or_Unzoned
POL-00299,41.41423433979986,-120.87732318079206,Residential,Wood Frame,254541,Low_or_Unzoned
POL-00300,39.54064616825556,-120.10370099505931,Residential,Masonry,177969,Low_or_Unzoned
POL-00301,37.95749457520916,-122.19383324975702,Residential,Masonry,188203,Low_or_Unzoned
POL-00302,40.49737337920359,-124.49761609870832,Residential,Wood Frame,873908,Low_or_Unzoned
POL-00303,33.82783757794975,-114.89248385365096,Residential,Wood Frame,604140,Low_or_Unzoned
POL-00304,34.415459540453575,-116.70593156938706,Residential,Masonry,1010517,Low_or_Unzoned
POL-00305,40.23845984219813,-123.79015013053997,Residential,Wood Frame,922885,Low_or_Unzoned
POL-00306,35.90888959917327,-119.9793738804131,Residential,Masonry,385868,Low_or_Unzoned
POL-00307,40.833405137724526,-123.2490229440415,Residential,Wood Frame,510742,Low_or_Unzoned
POL-00308,36.22822852051504,-119.11987538231288,Residential,Masonry,358918,Low_or_Unzoned
POL-00309,40.25769467497998,-120.83726497168439,Residential,Wood Frame,456679,Low_or_Unzoned
POL-00310,36.671781631417076,-120.56433829432503,Residential,Wood Frame,249246,High
POL-00311,36.08097207953662,-117.97602844636508,Residential,Wood Frame,738508,Low_or_Unzoned
POL-00312,39.60228911167439,-124.126302576532,Commercial,Masonry,1277092,Low_or_Unzoned
POL-00313,41.0459584461084,-123.93477948846117,Residential,Wood Frame,281168,Low_or_Unzoned
POL-00314,41.1114850541632,-120.3859856065197,Residential,Wood Frame,1506072,Low_or_Unzoned
POL-00315,35.681603339242315,-119.15661226426626,Residential,Steel Frame,591736,Low_or_Unzoned
POL-00316,33.82308469030218,-115.45482029677609,Residential,Masonry,655309,Low_or_Unzoned
POL-00317,34.86064682823742,-116.57702170733977,Residential,Wood Frame,138753,Low_or_Unzoned
POL-00318,39.56748977944043,-121.88964871156028,Commercial,Steel Frame,127285,Low_or_Unzoned
POL-00319,40.82927354923662,-123.47764761519218,Residential,Masonry,606398,Low_or_Unzoned
POL-00320,35.74977661280112,-117.08309403349504,Residential,Wood Frame,1016408,Low_or_Unzoned
POL-00321,40.30194439438412,-120.87141434835647,Commercial,Wood Frame,315809,Low_or_Unzoned
POL-00322,40.541296771477924,-120.2634498252165,Commercial,Masonry,2055593,Low_or_Unzoned
POL-00323,40.07430597490576,-120.95802860711946,Commercial,Masonry,972814,Low_or_Unzoned
POL-00324,33.92421555981335,-115.81100121348493,Commercial,Wood Frame,261274,Low_or_Unzoned
POL-00325,39.36139939973413,-121.26789892472576,Commercial,Wood Frame,553866,Low_or_Unzoned
POL-00326,39.3403470971877,-121.9677652497685,Residential,Wood Frame,3919769,Low_or_Unzoned
POL-00327,38.590902512410324,-122.04754270877959,Residential,Wood Frame,199975,Low_or_Unzoned
POL-00328,37.655882211802165,-122.53519516068974,Residential,Wood Frame,824568,Low_or_Unzoned
POL-00329,34.89209105961605,-118.66672951620099,Commercial,Wood Frame,417401,Very High
POL-00330,41.13028033266947,-120.54289775635452,Commercial,Masonry,951235,Low_or_Unzoned
POL-00331,36.88905513461926,-119.32395179761347,Residential,Masonry,1489303,Low_or_Unzoned
POL-00332,41.49919172631225,-121.03336252168616,Residential,Wood Frame,396729,Low_or_Unzoned
POL-00333,38.30881523662916,-121.37467208553305,Commercial,Wood Frame,1322626,Low_or_Unzoned
POL-00334,40.78517713496944,-121.13578649552774,Commercial,Wood Frame,3194568,Low_or_Unzoned
POL-00335,41.355123683594314,-122.7749881456397,Residential,Wood Frame,569788,Low_or_Unzoned
POL-00336,39.11818282683048,-123.21377244935711,Commercial,Steel Frame,1012477,Low_or_Unzoned
POL-00337,39.218767025977286,-123.19961671958892,Residential,Masonry,336935,Low_or_Unzoned
POL-00338,38.26379294063713,-122.50364795365358,Residential,Wood Frame,548755,Low_or_Unzoned
POL-00339,41.37648664030564,-123.68250654410792,Residential,Wood Frame,469141,Low_or_Unzoned
POL-00340,33.57576143548717,-115.47372387379764,Residential,Wood Frame,1022282,Low_or_Unzoned
POL-00341,41.85599139014218,-122.72749493926207,Residential,Masonry,1416558,Low_or_Unzoned
POL-00342,33.0202355688093,-115.17399082855631,Commercial,Wood Frame,494981,Low_or_Unzoned
POL-00343,40.12710776168111,-121.51606489502684,Commercial,Masonry,1842987,Low_or_Unzoned
POL-00344,35.66824213106587,-120.54093372448216,Commercial,Masonry,1837723,Low_or_Unzoned
POL-00345,36.282602589113964,-120.37013296095552,Residential,Wood Frame,1063933,Low_or_Unzoned
POL-00346,37.60525822791027,-118.78216909112591,Residential,Masonry,357603,Low_or_Unzoned
POL-00347,41.23862835592122,-122.82126248465237,Residential,Masonry,331219,Low_or_Unzoned
POL-00348,35.790286946476634,-117.24191003024711,Residential,Masonry,282122,Low_or_Unzoned
POL-00349,39.50626185704261,-121.24176093790226,Residential,Steel Frame,1154678,Low_or_Unzoned
POL-00350,36.79607043845317,-119.21487612863538,Residential,Wood Frame,204963,Low_or_Unzoned
POL-00351,34.63374581792983,-116.13737410400348,Residential,Wood Frame,928634,Low_or_Unzoned
POL-00352,33.8381416936081,-117.72188925768951,Commercial,Masonry,227547,Low_or_Unzoned
POL-00353,37.234493841025056,-118.75602387103643,Residential,Masonry,1044278,Low_or_Unzoned
POL-00354,41.19103606014695,-120.53768664363517,Commercial,Steel Frame,547860,Low_or_Unzoned
POL-00355,35.942742041608014,-120.15807643195544,Residential,Wood Frame,1570509,Low_or_Unzoned
POL-00356,38.50651073523554,-121.6231249555653,Commercial,Masonry,1346694,Low_or_Unzoned
POL-00357,41.630168015959825,-124.04744885604259,Residential,Wood Frame,1703256,Low_or_Unzoned
POL-00358,36.43892917540673,-120.38171316894783,Residential,Wood Frame,1738711,Low_or_Unzoned
POL-00359,33.31082184674712,-114.54831317132309,Residential,Wood Frame,606163,Low_or_Unzoned
POL-00360,41.9703053925365,-123.01740983285956,Commercial,Wood Frame,213836,Low_or_Unzoned
POL-00361,39.62462446879219,-120.49302675935408,Residential,Wood Frame,232810,Low_or_Unzoned
POL-00362,34.494103134408064,-116.36003734155992,Residential,Masonry,101775,Low_or_Unzoned
POL-00363,41.03151574968678,-120.90279363048312,Commercial,Wood Frame,227082,Low_or_Unzoned
POL-00364,34.448826584579066,-117.90947678983251,Residential,Wood Frame,570951,Very High
POL-00365,33.12423207456935,-115.18157612776474,Residential,Wood Frame,345337,Low_or_Unzoned
POL-00366,36.68724609591317,-120.98471506014786,Residential,Wood Frame,467844,High
POL-00367,36.3072490783156,-121.20611719004987,Residential,Steel Frame,801445,Low_or_Unzoned
POL-00368,36.04643850465765,-120.48770330817028,Residential,Wood Frame,423685,Low_or_Unzoned
POL-00369,38.617995660770646,-122.43477392821536,Residential,Wood Frame,220254,Low_or_Unzoned
POL-00370,33.98344967497881,-117.75065175968375,Residential,Masonry,517835,Low_or_Unzoned
POL-00371,34.60873553836302,-115.84802465526023,Residential,Masonry,263341,Low_or_Unzoned
POL-00372,32.68725010866646,-116.09014342381498,Commercial,Masonry,435117,Low_or_Unzoned
POL-00373,40.0992028110453,-123.34643730572178,Residential,Masonry,1582033,Low_or_Unzoned
POL-00374,34.19617428951617,-115.22131833927611,Residential,Steel Frame,435215,Low_or_Unzoned
POL-00375,38.701088024592806,-120.89923854102844,Residential,Wood Frame,2228336,Low_or_Unzoned
POL-00376,34.762736419943906,-117.31936368845517,Residential,Steel Frame,1698589,Low_or_Unzoned
POL-00377,34.810135814494814,-117.25450767170078,Residential,Masonry,339950,Low_or_Unzoned
POL-00378,39.36153585262876,-121.1809362287568,Residential,Wood Frame,222148,Low_or_Unzoned
POL-00379,40.629116447009714,-123.91472103733186,Residential,Masonry,518117,Low_or_Unzoned
POL-00380,38.84680879742114,-120.43852395845526,Commercial,Masonry,1359547,Low_or_Unzoned
POL-00381,41.01519027595064,-121.37123902729364,Residential,Wood Frame,365071,Low_or_Unzoned
POL-00382,33.312331043117446,-114.9363242207937,Residential,Wood Frame,1117352,Low_or_Unzoned
POL-00383,38.038894829212076,-121.26936956048154,Residential,Steel Frame,1420830,Low_or_Unzoned
POL-00384,40.980381255231265,-122.80220719062314,Residential,Wood Frame,290912,Low_or_Unzoned
POL-00385,34.96452261759728,-116.71355586109829,Commercial,Wood Frame,314632,Low_or_Unzoned
POL-00386,36.107077877589035,-118.75988871857822,Residential,Masonry,955633,Low_or_Unzoned
POL-00387,35.04660458781733,-118.68307081721713,Residential,Wood Frame,610160,Low_or_Unzoned
POL-00388,41.51030641614049,-120.59313632288959,Residential,Wood Frame,312122,Low_or_Unzoned
POL-00389,35.05243491415699,-119.61711849068044,Residential,Masonry,407687,Low_or_Unzoned
POL-00390,37.64552503927823,-122.11672533554903,Residential,Masonry,510723,Low_or_Unzoned
POL-00391,40.43183724959334,-120.9076076988251,Residential,Wood Frame,154525,Low_or_Unzoned
POL-00392,37.49405673187552,-119.82904945531082,Residential,Steel Frame,997008,High
POL-00393,34.13095321555888,-119.36499179528252,Residential,Wood Frame,368444,Low_or_Unzoned
POL-00394,32.67471142720093,-114.94974103337255,Residential,Wood Frame,58280,Low_or_Unzoned
POL-00395,33.61863528745634,-116.49716683459273,Residential,Wood Frame,530143,Low_or_Unzoned
POL-00396,37.764691023900035,-119.94620952113601,Residential,Masonry,298565,High
POL-00397,40.38254713521842,-120.68581880740399,Residential,Wood Frame,2086623,Low_or_Unzoned
POL-00398,34.46100208172573,-116.16368109875556,Commercial,Wood Frame,338284,Low_or_Unzoned
POL-00399,32.604460372255566,-114.6195806129684,Residential,Masonry,224557,Low_or_Unzoned
POL-00400,33.80041348565367,-117.95629108278592,Commercial,Wood Frame,811261,Low_or_Unzoned
POL-00401,38.2049101741197,-120.35193995250364,Residential,Masonry,318584,Low_or_Unzoned
POL-00402,36.478319986474695,-119.77132094930168,Commercial,Wood Frame,289651,Low_or_Unzoned
POL-00403,36.139816018370226,-116.63588691596581,Residential,Steel Frame,812280,Low_or_Unzoned
POL-00404,37.429718200186954,-120.75168449057902,Residential,Wood Frame,235067,High
POL-00405,38.22994503993069,-122.3573239202607,Commercial,Wood Frame,168414,Low_or_Unzoned
POL-00406,36.19830833339878,-116.63960855989076,Commercial,Wood Frame,2149613,Low_or_Unzoned
POL-00407,35.24259049932165,-119.43268702555403,Residential,Masonry,859064,Low_or_Unzoned
POL-00408,35.32265629842016,-116.99118729192267,Residential,Masonry,437412,Low_or_Unzoned
POL-00409,37.02247882089145,-120.01539702371639,Residential,Wood Frame,538863,High
POL-00410,34.54193359661219,-117.07357142499049,Commercial,Masonry,809920,Low_or_Unzoned
POL-00411,34.99150842084834,-119.80937207862227,Residential,Wood Frame,1177224,Low_or_Unzoned
POL-00412,39.82366593558531,-121.955286201064,Residential,Steel Frame,295144,Low_or_Unzoned
POL-00413,33.51268340477083,-117.53523755020798,Commercial,Steel Frame,724268,Low_or_Unzoned
POL-00414,33.21380892649018,-115.68945316260408,Commercial,Steel Frame,360279,Low_or_Unzoned
POL-00415,36.630859716735586,-118.19736019395438,Residential,Masonry,464545,Low_or_Unzoned
POL-00416,34.84081931577151,-116.82186881185257,Residential,Steel Frame,614493,Low_or_Unzoned
POL-00417,33.37002969660303,-115.07732815762334,Commercial,Wood Frame,537485,Low_or_Unzoned
POL-00418,41.214478966891306,-123.24649938094893,Residential,Masonry,973305,Low_or_Unzoned
POL-00419,36.73705484310058,-118.22822002752753,Commercial,Masonry,797844,Low_or_Unzoned
POL-00420,37.648059000094406,-119.52892557656227,Residential,Steel Frame,161694,High
POL-00421,39.45613642089083,-120.92995394637113,Residential,Wood Frame,182360,Low_or_Unzoned
POL-00422,37.14953715460983,-119.98136141009189,Residential,Wood Frame,402007,High
POL-00423,39.20296413889904,-122.43688684695978,Residential,Wood Frame,2333547,Low_or_Unzoned
POL-00424,41.289859015448826,-122.2766684484496,Commercial,Masonry,273409,Low_or_Unzoned
POL-00425,37.89547969024998,-121.11829088044483,Residential,Wood Frame,457449,Low_or_Unzoned
POL-00426,32.82248679656509,-115.49168340302805,Residential,Wood Frame,351836,Low_or_Unzoned
POL-00427,35.324815570039235,-119.92833860430261,Residential,Wood Frame,346890,Low_or_Unzoned
POL-00428,37.00503505824591,-118.96032628064226,Residential,Wood Frame,623180,Low_or_Unzoned
POL-00429,40.68940518439848,-121.78150511467203,Residential,Wood Frame,1657169,Low_or_Unzoned
POL-00430,40.52321928608317,-123.94531979317041,Residential,Wood Frame,778227,Low_or_Unzoned
POL-00431,35.53145449581093,-116.87610905941958,Residential,Steel Frame,284126,Low_or_Unzoned
POL-00432,40.37469700443143,-123.22631852094189,Commercial,Masonry,4889416,Low_or_Unzoned
POL-00433,34.68508395423318,-118.57362582831264,Commercial,Wood Frame,575421,Very High
POL-00434,33.645385414884146,-118.19387643163508,Residential,Masonry,340517,Low_or_Unzoned
POL-00435,39.114743370842326,-120.51275724937268,Residential,Masonry,1672244,Low_or_Unzoned
POL-00436,35.72881215579663,-118.01946061527185,Residential,Wood Frame,371291,Low_or_Unzoned
POL-00437,33.12088523758995,-116.85987305415327,Residential,Wood Frame,2043819,Low_or_Unzoned
POL-00438,34.71311501015952,-119.35724838612347,Commercial,Masonry,269274,Low_or_Unzoned
POL-00439,40.76593930205883,-120.9883534652599,Residential,Wood Frame,1696409,Low_or_Unzoned
POL-00440,40.80966589049989,-122.42566299037598,Residential,Masonry,634655,Low_or_Unzoned
POL-00441,41.42114313587251,-122.54934197566357,Residential,Wood Frame,1517905,Low_or_Unzoned
POL-00442,40.08844073984982,-123.6078539561606,Residential,Wood Frame,2474162,Low_or_Unzoned
POL-00443,35.83176224679124,-117.58777188518636,Residential,Steel Frame,218363,Low_or_Unzoned
POL-00444,37.05881839288713,-118.63920256915037,Residential,Wood Frame,1499462,Low_or_Unzoned
POL-00445,38.46130190057452,-120.8564754781719,Residential,Masonry,175058,Low_or_Unzoned
POL-00446,36.46878443058967,-121.05721806280829,Commercial,Wood Frame,233807,Low_or_Unzoned
POL-00447,34.768382884798875,-119.51492543654166,Commercial,Wood Frame,284154,Low_or_Unzoned
POL-00448,35.314927144331904,-118.69544380495734,Commercial,Wood Frame,808478,Low_or_Unzoned
POL-00449,34.719273634974144,-116.72303239880043,Commercial,Wood Frame,554827,Low_or_Unzoned
POL-00450,36.56384477049069,-119.06089047055097,Residential,Wood Frame,472735,Low_or_Unzoned
POL-00451,36.15110314801698,-118.05104443465038,Commercial,Wood Frame,607427,Low_or_Unzoned
POL-00452,38.95664918558416,-122.01559728157117,Residential,Wood Frame,867205,Low_or_Unzoned
POL-00453,34.57341193471811,-119.42327010637857,Residential,Masonry,922274,Low_or_Unzoned
POL-00454,39.97027763694774,-123.71359365897916,Commercial,Wood Frame,1296700,Low_or_Unzoned
POL-00455,40.85162392184056,-121.9818905018308,Residential,Masonry,2317565,Low_or_Unzoned
POL-00456,41.4749542117684,-122.45293814926438,Commercial,Wood Frame,531208,Low_or_Unzoned
POL-00457,36.94031435687376,-119.19842976187354,Residential,Wood Frame,356157,Low_or_Unzoned
POL-00458,41.4559518542837,-124.117158966331,Commercial,Masonry,882777,Low_or_Unzoned
POL-00459,34.594618986166665,-115.63806854460874,Residential,Wood Frame,216337,Low_or_Unzoned
POL-00460,39.90605249888416,-120.07201751597788,Residential,Wood Frame,313964,Low_or_Unzoned
POL-00461,41.313646690354524,-121.00951973216917,Residential,Wood Frame,1202008,Low_or_Unzoned
POL-00462,41.95162431514113,-121.18690160303707,Commercial,Masonry,489283,Low_or_Unzoned
POL-00463,36.26429917957526,-120.64861763321419,Residential,Masonry,205550,Low_or_Unzoned
POL-00464,39.70326551918887,-123.45530597683387,Residential,Wood Frame,164087,Low_or_Unzoned
POL-00465,34.632185432448274,-115.41675345655837,Residential,Wood Frame,561840,Low_or_Unzoned
POL-00466,34.62626734081492,-118.191682431934,Residential,Masonry,1347170,Very High
POL-00467,38.13292938099618,-121.50533907185566,Residential,Wood Frame,1332858,Low_or_Unzoned
POL-00468,35.02320040459271,-116.54334611606085,Residential,Wood Frame,590487,Low_or_Unzoned
POL-00469,40.943106758755285,-121.16058407720755,Commercial,Wood Frame,2695589,Low_or_Unzoned
POL-00470,40.69021236402178,-123.90964490406479,Residential,Wood Frame,496899,Low_or_Unzoned
POL-00471,36.040540911616986,-120.89560736482329,Residential,Wood Frame,483664,Low_or_Unzoned
POL-00472,34.9676609457231,-115.55349163405073,Residential,Masonry,69289,Low_or_Unzoned
POL-00473,37.21081948324832,-119.09520696555381,Residential,Wood Frame,377795,Low_or_Unzoned
POL-00474,35.0367685666095,-120.2326263659728,Residential,Wood Frame,1068335,Low_or_Unzoned
POL-00475,40.73929490911812,-123.12147629394934,Commercial,Steel Frame,1888265,Low_or_Unzoned
POL-00476,39.22944827879283,-121.24823703339551,Residential,Wood Frame,278121,Low_or_Unzoned
POL-00477,40.451626619454885,-122.3811530433492,Residential,Wood Frame,782150,Low_or_Unzoned
POL-00478,39.65080807579759,-121.33985364386797,Residential,Wood Frame,1248562,Low_or_Unzoned
POL-00479,40.405274690598546,-122.30447767180905,Residential,Masonry,545231,Low_or_Unzoned
POL-00480,35.22686226516167,-116.42485810182289,Residential,Wood Frame,86974,Low_or_Unzoned
POL-00481,38.36080572456955,-120.03219057764565,Residential,Wood Frame,658573,Low_or_Unzoned
POL-00482,38.523054179446305,-119.81883172681633,Commercial,Steel Frame,993654,Low_or_Unzoned
POL-00483,41.64842403666045,-120.42628607882219,Residential,Masonry,253232,Low_or_Unzoned
POL-00484,38.50990798477251,-123.09619562880592,Residential,Masonry,440945,Low_or_Unzoned
POL-00485,33.473842415911456,-116.61005516592132,Residential,Wood Frame,214400,Low_or_Unzoned
POL-00486,39.22763484213017,-121.60654884875363,Residential,Wood Frame,69139,Low_or_Unzoned
POL-00487,35.78588904105309,-116.46417885498344,Commercial,Wood Frame,1228867,Low_or_Unzoned
POL-00488,41.70433962521407,-123.83015715933722,Residential,Wood Frame,538746,Low_or_Unzoned
POL-00489,39.62169240155779,-120.43415701729283,Commercial,Masonry,1939886,Low_or_Unzoned
POL-00490,39.703500361325716,-121.30285054428268,Residential,Wood Frame,1072880,Low_or_Unzoned
POL-00491,35.57429708192064,-116.96440034316825,Residential,Masonry,407025,Low_or_Unzoned
POL-00492,39.81887046917404,-120.53938128419479,Residential,Wood Frame,505576,Low_or_Unzoned
POL-00493,36.73607571057911,-119.9374248853028,Residential,Wood Frame,849957,High
POL-00494,35.099453329675825,-115.36989644594271,Residential,Masonry,1171161,Low_or_Unzoned
POL-00495,41.972682751498255,-122.60309581623132,Residential,Wood Frame,699510,Low_or_Unzoned
POL-00496,39.08998114492414,-120.36557101356323,Residential,Masonry,1308607,Low_or_Unzoned
POL-00497,34.59731132149322,-118.11378054395232,Residential,Steel Frame,426200,Very High
POL-00498,38.717856535670784,-122.10252185012959,Residential,Wood Frame,243357,Low_or_Unzoned
POL-00499,41.5332038413789,-121.3507413265328,Residential,Wood Frame,513062,Low_or_Unzoned
POL-00500,41.46435124159219,-120.77462845860792,Commercial,Wood Frame,636759,Low_or_Unzoned
POL-00501,36.48740951079816,-120.30017830791753,Residential,Masonry,206647,Low_or_Unzoned
POL-00502,36.27714678064655,-118.37527389406586,Commercial,Wood Frame,185465,Low_or_Unzoned
POL-00503,41.84778765561837,-122.90669941399295,Residential,Masonry,772903,Low_or_Unzoned
POL-00504,36.38867305999291,-118.2230158592841,Residential,Wood Frame,390395,Low_or_Unzoned
POL-00505,34.684568755965316,-120.09698585559747,Residential,Masonry,473225,Low_or_Unzoned
POL-00506,34.52449468823829,-117.13847533267517,Residential,Masonry,405244,Low_or_Unzoned
POL-00507,36.99549411356979,-117.5559018710804,Residential,Wood Frame,1823887,Low_or_Unzoned
POL-00508,41.69783756518986,-124.09679078807338,Residential,Wood Frame,1482749,Low_or_Unzoned
POL-00509,39.877670101521545,-120.08226609302952,Residential,Wood Frame,200810,Low_or_Unzoned
POL-00510,33.74682633798268,-116.12305084591874,Residential,Wood Frame,352838,Low_or_Unzoned
POL-00511,32.80899870516689,-115.42415420221228,Commercial,Wood Frame,1066617,Low_or_Unzoned
POL-00512,38.35817798794701,-119.51136216821573,Residential,Wood Frame,874623,Low_or_Unzoned
POL-00513,40.067104264273674,-120.44646517565573,Residential,Steel Frame,522736,Low_or_Unzoned
POL-00514,33.614427795142745,-117.17975432995132,Residential,Steel Frame,217492,Low_or_Unzoned
POL-00515,36.587906001544894,-119.45412062121919,Commercial,Masonry,313002,Low_or_Unzoned
POL-00516,37.17014819404365,-118.72796882078524,Residential,Wood Frame,357391,Low_or_Unzoned
POL-00517,35.44843860977395,-118.64426874255275,Residential,Masonry,674411,Low_or_Unzoned
POL-00518,37.05941892981267,-119.57122815911279,Commercial,Wood Frame,2111653,High
POL-00519,39.10232791820216,-122.47689783688965,Commercial,Wood Frame,311918,Low_or_Unzoned
POL-00520,40.67116277329744,-123.14475190722574,Residential,Wood Frame,237796,Low_or_Unzoned
POL-00521,39.90858439448682,-121.37247631690278,Residential,Wood Frame,495404,Low_or_Unzoned
POL-00522,32.876378840809394,-116.30949508607955,Commercial,Wood Frame,1233530,Low_or_Unzoned
POL-00523,37.06481599894938,-119.54792316544976,Commercial,Wood Frame,169819,High
POL-00524,41.87329463603789,-121.00634049664102,Residential,Steel Frame,1728746,Low_or_Unzoned
POL-00525,33.85370765756438,-114.63079408470006,Residential,Wood Frame,470887,Low_or_Unzoned
POL-00526,37.239437457787886,-120.89821951780475,Residential,Steel Frame,300302,High
POL-00527,37.81666249312568,-122.61877885795342,Residential,Wood Frame,150218,Low_or_Unzoned
POL-00528,32.592823050482245,-115.14302903616814,Residential,Wood Frame,950949,Low_or_Unzoned
POL-00529,35.601382428317926,-119.66626858208431,Residential,Wood Frame,471211,Low_or_Unzoned
POL-00530,33.246495722972696,-116.93520421464106,Commercial,Masonry,619435,Low_or_Unzoned
POL-00531,33.4933944831768,-118.13808344061543,Commercial,Wood Frame,262853,Low_or_Unzoned
POL-00532,38.54608737066455,-120.00230609402712,Residential,Wood Frame,418621,Low_or_Unzoned
POL-00533,32.8000683758436,-116.27323422282696,Residential,Wood Frame,366126,Low_or_Unzoned
POL-00534,41.39401633931505,-124.38961114231263,Residential,Wood Frame,498583,Low_or_Unzoned
POL-00535,32.99372719468899,-116.50015610903642,Residential,Masonry,316272,Low_or_Unzoned
POL-00536,40.116416789163026,-120.41330950445389,Residential,Wood Frame,158364,Low_or_Unzoned
POL-00537,36.79702370292385,-119.1559300755685,Residential,Wood Frame,4793636,Low_or_Unzoned
POL-00538,38.61398810436699,-119.74533954451456,Residential,Masonry,181548,Low_or_Unzoned
POL-00539,37.500825278893075,-121.57370968275048,Residential,Wood Frame,624787,Low_or_Unzoned
POL-00540,40.78194388262592,-120.24782983255002,Commercial,Masonry,130924,Low_or_Unzoned
POL-00541,41.77071993028175,-123.92285377818187,Residential,Masonry,109355,Low_or_Unzoned
POL-00542,35.700510021825515,-118.42531090886293,Residential,Steel Frame,584353,Low_or_Unzoned
POL-00543,40.00213581785355,-122.87753128509955,Commercial,Wood Frame,621253,Low_or_Unzoned
POL-00544,38.75772386725832,-119.88458911138457,Residential,Masonry,1482438,Low_or_Unzoned
POL-00545,37.23285930630482,-119.14016862086237,Residential,Wood Frame,743881,Low_or_Unzoned
POL-00546,37.7759537339075,-121.7826797121725,Residential,Masonry,479333,Low_or_Unzoned
POL-00547,39.332416893586505,-121.17720012581863,Commercial,Wood Frame,252791,Low_or_Unzoned
POL-00548,41.96517220253905,-121.31619226963537,Residential,Wood Frame,1792657,Low_or_Unzoned
POL-00549,33.18588488530217,-114.94924839333508,Residential,Masonry,1136064,Low_or_Unzoned
POL-00550,34.94798744085653,-115.98782251145528,Residential,Wood Frame,199373,Low_or_Unzoned
POL-00551,40.74858880137961,-123.54107978949764,Residential,Masonry,557028,Low_or_Unzoned
POL-00552,39.40810616277993,-122.80479929665432,Residential,Masonry,606367,Low_or_Unzoned
POL-00553,36.542186677256716,-118.85582849177636,Residential,Wood Frame,409821,Low_or_Unzoned
POL-00554,32.881037318418585,-117.22445643423994,Commercial,Wood Frame,1001971,Low_or_Unzoned
POL-00555,36.66684648230111,-121.48113240647054,Commercial,Wood Frame,1051140,Low_or_Unzoned
POL-00556,37.12335494353468,-118.90010274747415,Residential,Steel Frame,463986,Low_or_Unzoned
POL-00557,40.79752076177577,-120.24072477580401,Residential,Wood Frame,431621,Low_or_Unzoned
POL-00558,41.05666770810696,-122.7238001146546,Residential,Wood Frame,1792580,Low_or_Unzoned
POL-00559,35.12986407373299,-115.54016954000085,Commercial,Masonry,1139694,Low_or_Unzoned
POL-00560,38.12732812163694,-119.2675032029105,Residential,Steel Frame,572568,Low_or_Unzoned
POL-00561,41.13580894632359,-120.60477601778223,Residential,Masonry,146771,Low_or_Unzoned
POL-00562,34.2069895342673,-116.3924037100337,Commercial,Masonry,711549,Low_or_Unzoned
POL-00563,41.728253393395576,-120.4625839560842,Commercial,Wood Frame,944552,Low_or_Unzoned
POL-00564,34.84869520683018,-119.41618316228423,Residential,Wood Frame,59657,Low_or_Unzoned
POL-00565,36.73039992252532,-118.44686651703141,Commercial,Wood Frame,660991,Low_or_Unzoned
POL-00566,37.390764862332055,-120.90827093609568,Commercial,Masonry,387180,High
POL-00567,38.13303308863181,-121.99795845919253,Residential,Masonry,452850,Low_or_Unzoned
POL-00568,36.215274598191726,-119.20271929742422,Residential,Masonry,261475,Low_or_Unzoned
POL-00569,41.70941706218523,-121.76108291739807,Commercial,Masonry,479955,Low_or_Unzoned
POL-00570,35.5893056101346,-119.13351487453983,Residential,Wood Frame,1645563,Low_or_Unzoned
POL-00571,34.112700098331636,-115.38621391932551,Residential,Wood Frame,378087,Low_or_Unzoned
POL-00572,37.437852511282166,-118.37738954856107,Residential,Wood Frame,1169935,Low_or_Unzoned
POL-00573,35.70153017609722,-116.96085112966648,Commercial,Wood Frame,283490,Low_or_Unzoned
POL-00574,40.37439197588479,-120.59354253797183,Commercial,Masonry,991530,Low_or_Unzoned
POL-00575,34.86278558958249,-119.69204690116575,Residential,Wood Frame,541081,Low_or_Unzoned
POL-00576,38.36287737273828,-120.357966396192,Commercial,Masonry,716132,Low_or_Unzoned
POL-00577,39.49581914312358,-121.8998677477499,Commercial,Masonry,543466,Low_or_Unzoned
POL-00578,38.80614301240715,-120.84545446748814,Commercial,Wood Frame,902839,Low_or_Unzoned
POL-00579,38.060866461769145,-121.12953102077057,Residential,Wood Frame,69281,Low_or_Unzoned
POL-00580,34.4554914953493,-117.27842333315978,Residential,Wood Frame,173535,Low_or_Unzoned
POL-00581,35.0626213094114,-116.76703166649973,Residential,Wood Frame,754389,Low_or_Unzoned
POL-00582,41.39775407680213,-120.44397909597177,Residential,Masonry,105363,Low_or_Unzoned
POL-00583,36.79589076869264,-119.34429249197645,Residential,Wood Frame,353463,Low_or_Unzoned
POL-00584,41.3718126665151,-121.1322973857285,Commercial,Masonry,517377,Low_or_Unzoned
POL-00585,37.31873068253973,-121.2505697345697,Residential,Masonry,278587,Low_or_Unzoned
POL-00586,41.54221196152077,-121.96318659742448,Commercial,Wood Frame,310752,Low_or_Unzoned
POL-00587,36.82002862852166,-118.1230936236728,Residential,Masonry,671497,Low_or_Unzoned
POL-00588,33.826686920184976,-118.24050217972608,Residential,Masonry,1211580,Low_or_Unzoned
POL-00589,32.78474910379044,-116.7343976391717,Residential,Masonry,251008,Low_or_Unzoned
POL-00590,38.8897201231387,-123.09532947756334,Residential,Wood Frame,341107,Low_or_Unzoned
POL-00591,40.7473514165863,-123.73701133039785,Residential,Wood Frame,301037,Low_or_Unzoned
POL-00592,39.07994654614856,-120.84786535195302,Commercial,Wood Frame,77877,Low_or_Unzoned
POL-00593,38.990856268751635,-123.1807433296707,Residential,Wood Frame,605233,Low_or_Unzoned
POL-00594,37.22316025808006,-121.45785617074874,Residential,Masonry,1141409,Low_or_Unzoned
POL-00595,38.36954878191153,-121.99310640359674,Residential,Masonry,1218723,Low_or_Unzoned
POL-00596,40.75459735254782,-122.25780002785142,Residential,Steel Frame,269247,Low_or_Unzoned
POL-00597,37.92079259306888,-120.18298446696014,Residential,Wood Frame,198519,High
POL-00598,32.78867706711995,-117.1076697477876,Residential,Wood Frame,549786,Low_or_Unzoned
POL-00599,41.34401260731629,-122.21674421171902,Residential,Masonry,1049074,Low_or_Unzoned
POL-00600,39.05050413479983,-120.6498717631187,Commercial,Wood Frame,611628,Low_or_Unzoned
POL-00601,38.92687716488384,-120.3953670181678,Residential,Wood Frame,681085,Low_or_Unzoned
POL-00602,38.68671328189417,-121.96258133139855,Commercial,Wood Frame,1347100,Low_or_Unzoned
POL-00603,38.74953039372884,-121.17250655393345,Residential,Wood Frame,299147,Low_or_Unzoned
POL-00604,41.994430394821336,-121.69865723094478,Commercial,Masonry,453170,Low_or_Unzoned
POL-00605,39.9326620985536,-120.72340660715778,Residential,Wood Frame,1998054,Low_or_Unzoned
POL-00606,39.5152674878876,-121.21524092599569,Residential,Masonry,461644,Low_or_Unzoned
POL-00607,40.84589783236281,-123.86049179603059,Residential,Masonry,196051,Low_or_Unzoned
POL-00608,36.33933305568481,-117.1335647111691,Commercial,Wood Frame,316321,Low_or_Unzoned
POL-00609,38.84213716285406,-120.20358283168586,Residential,Steel Frame,255111,Low_or_Unzoned
POL-00610,40.174536448441955,-121.04151767232821,Residential,Wood Frame,719081,Low_or_Unzoned
POL-00611,36.63804149072286,-121.30700632230152,Residential,Steel Frame,263878,Low_or_Unzoned
POL-00612,37.67264643062807,-119.81357322014111,Residential,Wood Frame,671203,High
POL-00613,32.55470727473215,-116.86630546635159,Residential,Masonry,299883,Low_or_Unzoned
POL-00614,35.58356538405257,-117.22433759313972,Residential,Wood Frame,98843,Low_or_Unzoned
POL-00615,36.19130196206829,-118.09833996310434,Residential,Masonry,690586,Low_or_Unzoned
POL-00616,36.04589202047873,-116.6061192823372,Residential,Masonry,608511,Low_or_Unzoned
POL-00617,34.659061458999936,-118.53317952917793,Residential,Wood Frame,817663,Very High
POL-00618,38.23276163712309,-119.51843340145467,Residential,Steel Frame,315404,Low_or_Unzoned
POL-00619,38.84802158627265,-120.99534573076713,Residential,Wood Frame,289631,Low_or_Unzoned
POL-00620,36.10796491170268,-118.52229766367188,Commercial,Wood Frame,745025,Low_or_Unzoned
POL-00621,37.43127695879407,-119.05314760529555,Residential,Masonry,1821581,Low_or_Unzoned
POL-00622,35.741854362448485,-119.33398184096313,Commercial,Masonry,545214,Low_or_Unzoned
POL-00623,36.11185837846564,-121.2425295206806,Residential,Wood Frame,758932,Low_or_Unzoned
POL-00624,38.01163750765966,-119.2066051598564,Commercial,Wood Frame,417788,Low_or_Unzoned
POL-00625,37.56922419390534,-121.11049716879756,Residential,Steel Frame,157171,Low_or_Unzoned
POL-00626,38.275098381537724,-121.78986974667914,Residential,Masonry,1171673,Low_or_Unzoned
POL-00627,40.223364517802885,-123.10051529013718,Residential,Wood Frame,1117641,Low_or_Unzoned
POL-00628,32.673209535425435,-117.06998384972438,Commercial,Wood Frame,954191,Low_or_Unzoned
POL-00629,32.57184731229235,-116.35328882806823,Residential,Steel Frame,467167,Low_or_Unzoned
POL-00630,33.072540207750826,-115.73958964463131,Residential,Masonry,871215,Low_or_Unzoned
POL-00631,35.840415528776525,-117.71272256010506,Residential,Steel Frame,1104617,Low_or_Unzoned
POL-00632,37.11578171227009,-118.94857314121745,Residential,Wood Frame,1975094,Low_or_Unzoned
POL-00633,35.20629256863827,-117.79088826928052,Residential,Masonry,1191615,Low_or_Unzoned
POL-00634,37.622032128414915,-121.42712147449222,Residential,Masonry,568670,Low_or_Unzoned
POL-00635,35.457423141982034,-118.77300652277701,Residential,Wood Frame,189737,Low_or_Unzoned
POL-00636,38.298170941453726,-123.09912847700633,Residential,Wood Frame,612023,Low_or_Unzoned
POL-00637,35.08992800696857,-116.15237886225106,Commercial,Masonry,663485,Low_or_Unzoned
POL-00638,34.22366430310846,-118.95401275155827,Residential,Wood Frame,952860,Very High
POL-00639,37.489052144837075,-119.59375954192123,Residential,Masonry,1596163,High
POL-00640,39.23593948636311,-123.37952589942527,Commercial,Masonry,500758,Low_or_Unzoned
POL-00641,33.515330769400066,-117.6796619290519,Residential,Masonry,2901648,Low_or_Unzoned
POL-00642,34.93734644516296,-115.80404837210375,Residential,Masonry,132266,Low_or_Unzoned
POL-00643,40.156929222864,-123.31983121465187,Commercial,Wood Frame,755755,Low_or_Unzoned
POL-00644,38.51493806814321,-123.07555459481604,Residential,Wood Frame,285267,Low_or_Unzoned
POL-00645,41.53833175096324,-121.76949557734945,Residential,Masonry,117503,Low_or_Unzoned
POL-00646,38.21531229139015,-120.4568904149509,Commercial,Wood Frame,459815,Low_or_Unzoned
POL-00647,34.66675783351486,-115.7327752503289,Commercial,Wood Frame,168427,Low_or_Unzoned
POL-00648,34.514425979128156,-117.04130924252051,Residential,Wood Frame,474899,Low_or_Unzoned
POL-00649,40.478682377233845,-121.61146174362919,Residential,Wood Frame,555606,Low_or_Unzoned
POL-00650,35.85750310337582,-120.91989927674862,Residential,Masonry,1322233,Low_or_Unzoned
POL-00651,39.914992394816686,-121.73270946528383,Residential,Wood Frame,161770,Low_or_Unzoned
POL-00652,33.40758548142935,-116.88407289727328,Residential,Wood Frame,1117669,Low_or_Unzoned
POL-00653,34.55902810086237,-117.70290758908254,Residential,Steel Frame,584472,Very High
POL-00654,37.69362542078366,-119.88912806154907,Commercial,Masonry,1230682,High
POL-00655,36.213606961102386,-120.69591835499784,Commercial,Masonry,382544,Low_or_Unzoned
POL-00656,39.103873263452144,-120.01760535785532,Residential,Masonry,186130,Low_or_Unzoned
POL-00657,36.34102829699078,-119.57523813296223,Residential,Masonry,204025,Low_or_Unzoned
POL-00658,39.07814343758151,-121.22764437512619,Residential,Masonry,192250,Low_or_Unzoned
POL-00659,39.38121876272304,-120.71937102972737,Residential,Wood Frame,791948,Low_or_Unzoned
POL-00660,37.99467571156089,-119.48239277341207,Residential,Steel Frame,1761255,Low_or_Unzoned
POL-00661,33.25448400539537,-117.3336268337799,Commercial,Wood Frame,343876,Low_or_Unzoned
POL-00662,33.31375337116609,-117.54656233753927,Residential,Steel Frame,893863,Low_or_Unzoned
POL-00663,35.872464905403405,-117.61714529561581,Commercial,Wood Frame,159730,Low_or_Unzoned
POL-00664,37.43106801362857,-118.22433547700368,Residential,Wood Frame,624219,Low_or_Unzoned
POL-00665,33.142319354126045,-115.36819320905785,Residential,Wood Frame,922506,Low_or_Unzoned
POL-00666,34.720264778149115,-119.7851035161154,Residential,Wood Frame,169651,Low_or_Unzoned
POL-00667,37.630113188742854,-119.67731127376273,Residential,Masonry,459040,High
POL-00668,40.86075133183385,-123.69182357841582,Commercial,Steel Frame,958125,Low_or_Unzoned
POL-00669,35.66351817405288,-120.07634074284967,Commercial,Steel Frame,51688,Low_or_Unzoned
POL-00670,38.787472303569096,-121.94661020722563,Residential,Steel Frame,1572791,Low_or_Unzoned
POL-00671,37.79894246501524,-118.71900833731567,Residential,Wood Frame,717080,Low_or_Unzoned
POL-00672,39.441179847272835,-122.47882191832382,Residential,Steel Frame,958746,Low_or_Unzoned
POL-00673,33.071352254707456,-114.93323473538445,Commercial,Wood Frame,388413,Low_or_Unzoned
POL-00674,37.59036300249427,-120.90485120539347,Commercial,Masonry,136192,High
POL-00675,35.80192948027033,-118.38443169267289,Residential,Wood Frame,828399,Low_or_Unzoned
POL-00676,38.816661382628574,-122.54080398283175,Residential,Wood Frame,505815,Low_or_Unzoned
POL-00677,40.05677462750243,-122.52356190242502,Residential,Steel Frame,554428,Low_or_Unzoned
POL-00678,41.3081892850548,-122.56538915848692,Residential,Steel Frame,1289913,Low_or_Unzoned
POL-00679,36.29350120018843,-118.3281162815973,Residential,Masonry,994157,Low_or_Unzoned
POL-00680,33.94795212663897,-115.67634413532066,Residential,Masonry,2513005,Low_or_Unzoned
POL-00681,41.928593270504564,-124.31626875313242,Commercial,Wood Frame,611141,Low_or_Unzoned
POL-00682,41.3065091952808,-123.98545122780163,Residential,Masonry,310838,Low_or_Unzoned
POL-00683,37.62959273766532,-118.48591209478707,Residential,Masonry,464755,Low_or_Unzoned
POL-00684,37.4491007840844,-121.06924164902935,Commercial,Wood Frame,753534,Low_or_Unzoned
POL-00685,38.424064036026216,-120.82904881251892,Residential,Wood Frame,1217956,Low_or_Unzoned
POL-00686,33.34668210510216,-118.23836177628385,Residential,Wood Frame,167104,Low_or_Unzoned
POL-00687,39.67506899471967,-121.62076466419646,Residential,Masonry,544068,Low_or_Unzoned
POL-00688,32.84352361498524,-116.71231664558586,Residential,Wood Frame,1958390,Low_or_Unzoned
POL-00689,35.37971938148062,-117.41007620559861,Residential,Wood Frame,445892,Low_or_Unzoned
POL-00690,35.921295870979435,-120.79894900709482,Residential,Wood Frame,1138030,Low_or_Unzoned
POL-00691,41.4010993187951,-123.13650135911224,Commercial,Wood Frame,801703,Low_or_Unzoned
POL-00692,36.74842413479594,-117.90235526573083,Residential,Masonry,1160879,Low_or_Unzoned
POL-00693,38.20564616692587,-122.56693610470995,Commercial,Masonry,282714,Low_or_Unzoned
POL-00694,37.22115308760539,-118.42305699822,Residential,Wood Frame,283701,Low_or_Unzoned
POL-00695,34.480849886394694,-117.11558910880926,Commercial,Wood Frame,549199,Low_or_Unzoned
POL-00696,40.84075604422816,-121.4955820541877,Residential,Wood Frame,158613,Low_or_Unzoned
POL-00697,40.1562913011174,-121.20129832971179,Residential,Masonry,435481,Low_or_Unzoned
POL-00698,34.14848289237183,-117.02168784563983,Residential,Wood Frame,661523,Low_or_Unzoned
POL-00699,39.10203534457339,-122.65315202410405,Residential,Wood Frame,2252854,Low_or_Unzoned
POL-00700,40.31356535452643,-122.2769990924463,Residential,Masonry,745771,Low_or_Unzoned
POL-00701,38.259402908634286,-122.96054714982165,Commercial,Wood Frame,891074,Low_or_Unzoned
POL-00702,36.28729876383697,-117.32399114084866,Residential,Masonry,1371726,Low_or_Unzoned
POL-00703,33.890552925541364,-118.2663114909583,Residential,Wood Frame,249764,Low_or_Unzoned
POL-00704,35.99157701176955,-116.57431168719552,Residential,Masonry,473512,Low_or_Unzoned
POL-00705,37.720530591002664,-121.43138595423643,Commercial,Wood Frame,3761506,Low_or_Unzoned
POL-00706,41.67531053095559,-121.40441899735895,Residential,Wood Frame,507221,Low_or_Unzoned
POL-00707,36.608729844136256,-120.77724380729963,Commercial,Wood Frame,1320003,High
POL-00708,35.462253264309965,-118.57176214645162,Commercial,Masonry,1168218,Low_or_Unzoned
POL-00709,37.30834769698232,-121.85061118523068,Residential,Steel Frame,165629,Low_or_Unzoned
POL-00710,33.05255605730202,-117.3933895418845,Residential,Wood Frame,692721,Low_or_Unzoned
POL-00711,41.95123001311279,-121.33333786632771,Commercial,Masonry,607676,Low_or_Unzoned
POL-00712,39.102834674156256,-121.31078201463646,Residential,Masonry,703601,Low_or_Unzoned
POL-00713,41.84494979000243,-123.52331720274191,Residential,Steel Frame,295584,Low_or_Unzoned
POL-00714,35.38111390189216,-116.14642704929534,Commercial,Masonry,221120,Low_or_Unzoned
POL-00715,39.075532746094254,-123.13163545169047,Commercial,Wood Frame,369236,Low_or_Unzoned
POL-00716,33.09177208223559,-117.74399603006803,Commercial,Masonry,499700,Low_or_Unzoned
POL-00717,41.96862011160328,-123.4750945998556,Residential,Wood Frame,1394417,Low_or_Unzoned
POL-00718,40.23271756030718,-122.74808992884144,Residential,Wood Frame,2312520,Low_or_Unzoned
POL-00719,35.409409397472814,-115.87455184585,Residential,Wood Frame,1651638,Low_or_Unzoned
POL-00720,38.427010444770566,-120.78232209527151,Residential,Steel Frame,1075340,Low_or_Unzoned
POL-00721,36.54779214695853,-118.8586054264856,Residential,Steel Frame,241960,Low_or_Unzoned
POL-00722,33.74174857903189,-117.39019523343308,Residential,Masonry,389602,Low_or_Unzoned
POL-00723,36.77295416380257,-117.89829284187007,Residential,Steel Frame,639179,Low_or_Unzoned
POL-00724,36.43423264902481,-119.71654878910385,Commercial,Masonry,325803,Low_or_Unzoned
POL-00725,33.80254220442549,-117.28987457689664,Commercial,Wood Frame,857489,Low_or_Unzoned
POL-00726,37.58544624879962,-121.94204468418695,Commercial,Wood Frame,961633,Low_or_Unzoned
POL-00727,34.544417784163755,-116.11516369962871,Residential,Wood Frame,829876,Low_or_Unzoned
POL-00728,34.79141384719564,-116.3026573061979,Residential,Wood Frame,1227030,Low_or_Unzoned
POL-00729,40.1146025628884,-120.48024935493143,Commercial,Wood Frame,262059,Low_or_Unzoned
POL-00730,37.13461341730044,-119.98350131298332,Residential,Wood Frame,1139685,High
POL-00731,37.705615145250086,-121.24110566436474,Residential,Masonry,309738,Low_or_Unzoned
POL-00732,33.431784517450325,-114.62211597803815,Residential,Masonry,254549,Low_or_Unzoned
POL-00733,33.92546231459285,-115.31519167860606,Residential,Masonry,827109,Low_or_Unzoned
POL-00734,35.58442130545557,-116.75696986501522,Residential,Steel Frame,1429304,Low_or_Unzoned
POL-00735,39.504892235184094,-121.84520729275197,Commercial,Wood Frame,798436,Low_or_Unzoned
POL-00736,36.86474429985687,-117.8516239135944,Commercial,Masonry,549433,Low_or_Unzoned
POL-00737,40.974804544932226,-121.7999003133545,Residential,Wood Frame,692541,Low_or_Unzoned
POL-00738,39.9755821694253,-124.2047241840818,Residential,Wood Frame,602679,Low_or_Unzoned
POL-00739,35.49636550960612,-120.55912586938335,Commercial,Steel Frame,219528,Low_or_Unzoned
POL-00740,34.91937090943749,-115.85846246830718,Residential,Wood Frame,199966,Low_or_Unzoned
POL-00741,40.48828000454627,-122.03217136247486,Residential,Wood Frame,507341,Low_or_Unzoned
POL-00742,41.06673892528652,-120.24543000295904,Commercial,Wood Frame,576012,Low_or_Unzoned
POL-00743,36.88403591393497,-118.2415422474847,Commercial,Masonry,545286,Low_or_Unzoned
POL-00744,38.54836198058847,-121.66888490794459,Commercial,Steel Frame,928087,Low_or_Unzoned
POL-00745,37.42487620847944,-122.27997179101143,Residential,Wood Frame,454802,Low_or_Unzoned
POL-00746,33.30552415243513,-116.15134203346939,Residential,Masonry,847785,Low_or_Unzoned
POL-00747,39.30507218659548,-123.07466854245104,Commercial,Wood Frame,481340,Low_or_Unzoned
POL-00748,41.58676328384506,-121.35605718956738,Residential,Wood Frame,2323736,Low_or_Unzoned
POL-00749,39.506329414860566,-123.44837252617894,Commercial,Wood Frame,576407,Low_or_Unzoned
POL-00750,35.317088022232724,-115.93246421114033,Residential,Masonry,3515098,Low_or_Unzoned
POL-00751,35.82218068258557,-120.52768612476477,Commercial,Wood Frame,716124,Low_or_Unzoned
POL-00752,39.859208546221225,-123.57183184495904,Residential,Wood Frame,455457,Low_or_Unzoned
POL-00753,38.78302080516894,-120.9066319898215,Residential,Wood Frame,263140,Low_or_Unzoned
POL-00754,34.154038685673804,-117.88832224977837,Residential,Wood Frame,170363,Very High
POL-00755,38.772875837162715,-122.75134560827867,Residential,Masonry,244469,Low_or_Unzoned
POL-00756,35.01794106908754,-115.88108540273714,Residential,Wood Frame,267350,Low_or_Unzoned
POL-00757,41.69467033102779,-123.90543164753564,Residential,Wood Frame,741074,Low_or_Unzoned
POL-00758,36.12842657670251,-119.28419400593717,Commercial,Wood Frame,354714,Low_or_Unzoned
POL-00759,34.45402899085777,-115.64907243420993,Residential,Wood Frame,627526,Low_or_Unzoned
POL-00760,38.61709040864074,-122.67338108801495,Residential,Masonry,1506926,Low_or_Unzoned
POL-00761,37.53787026586701,-120.70723138075398,Residential,Wood Frame,503708,High
POL-00762,41.70064338714665,-123.75768561406416,Commercial,Wood Frame,2851413,Low_or_Unzoned
POL-00763,40.08778482071846,-120.70382802848896,Residential,Wood Frame,210944,Low_or_Unzoned
POL-00764,35.281809348659166,-118.88460560404748,Residential,Wood Frame,479037,Low_or_Unzoned
POL-00765,38.21787510154506,-119.51739759246438,Commercial,Masonry,351002,Low_or_Unzoned
POL-00766,33.7169095904789,-115.19074786422482,Residential,Masonry,1143043,Low_or_Unzoned
POL-00767,35.71354130694773,-120.18510320032385,Residential,Masonry,90054,Low_or_Unzoned
POL-00768,34.63384831251659,-117.88480385350232,Residential,Wood Frame,170332,Very High
POL-00769,36.03558672645638,-120.11747911109504,Commercial,Masonry,495896,Low_or_Unzoned
POL-00770,34.3759696536694,-116.77162829552631,Residential,Masonry,1869351,Low_or_Unzoned
POL-00771,40.92578655198806,-121.13983081258239,Commercial,Wood Frame,647370,Low_or_Unzoned
POL-00772,41.22980206957577,-120.22887563999394,Commercial,Masonry,183278,Low_or_Unzoned
POL-00773,34.896289691646935,-116.49520725607468,Residential,Masonry,207371,Low_or_Unzoned
POL-00774,39.67289832308964,-122.98930036840731,Commercial,Wood Frame,2060360,Low_or_Unzoned
POL-00775,40.49898625245559,-124.29028420793071,Residential,Wood Frame,328762,Low_or_Unzoned
POL-00776,37.67775572952091,-120.06179049359703,Residential,Masonry,254137,High
POL-00777,32.91015049007161,-116.81169833372167,Residential,Wood Frame,1761890,Low_or_Unzoned
POL-00778,33.75142334781834,-115.96200895294189,Commercial,Masonry,1213328,Low_or_Unzoned
POL-00779,40.26896063364098,-122.28698745598598,Residential,Masonry,1497410,Low_or_Unzoned
POL-00780,39.46161467527938,-120.13590828869387,Residential,Masonry,252702,Low_or_Unzoned
POL-00781,37.65125345217256,-121.78784549416028,Residential,Wood Frame,159518,Low_or_Unzoned
POL-00782,35.3267102875288,-119.79510238352769,Residential,Wood Frame,601109,Low_or_Unzoned
POL-00783,37.86770893216065,-119.37704794956733,Residential,Wood Frame,706515,Low_or_Unzoned
POL-00784,39.04441036947586,-122.35530708666784,Residential,Masonry,723373,Low_or_Unzoned
POL-00785,38.54476786280286,-120.73320363929967,Residential,Masonry,1763034,Low_or_Unzoned
POL-00786,36.884796006988005,-119.39820113500906,Residential,Masonry,134994,Low_or_Unzoned
POL-00787,33.44219194607855,-116.95365770728564,Residential,Wood Frame,1074919,Low_or_Unzoned
POL-00788,36.31419600068224,-118.344527262802,Residential,Steel Frame,224740,Low_or_Unzoned
POL-00789,37.77330701837172,-119.62866923372364,Commercial,Steel Frame,1071519,High
POL-00790,39.46417731228191,-121.91890483626297,Commercial,Wood Frame,369547,Low_or_Unzoned
POL-00791,39.729412220266894,-123.14150352184964,Residential,Wood Frame,281763,Low_or_Unzoned
POL-00792,39.584470935946705,-123.45896582108494,Residential,Masonry,331730,Low_or_Unzoned
POL-00793,34.423565321569754,-117.95898253607449,Commercial,Masonry,169992,Very High
POL-00794,35.995437137369805,-116.33115779850516,Commercial,Steel Frame,558127,Low_or_Unzoned
POL-00795,35.40324004715704,-120.23351157488044,Residential,Wood Frame,291227,Low_or_Unzoned
POL-00796,35.99894053981506,-120.10130193967436,Residential,Wood Frame,1013619,Low_or_Unzoned
POL-00797,36.76180099406815,-119.06864221757974,Residential,Masonry,901706,Low_or_Unzoned
POL-00798,39.359673912926,-123.61576338264047,Residential,Masonry,2085513,Low_or_Unzoned
POL-00799,36.419907488061924,-118.34901186073994,Residential,Masonry,724373,Low_or_Unzoned
POL-00800,39.10837239171966,-123.35043515627557,Commercial,Steel Frame,819575,Low_or_Unzoned
POL-00801,38.386098705868484,-122.66475762722466,Residential,Wood Frame,1656271,Low_or_Unzoned
POL-00802,35.8771835991929,-117.69568166042025,Residential,Masonry,327050,Low_or_Unzoned
POL-00803,40.0448746471323,-121.92272814334123,Commercial,Wood Frame,164290,Low_or_Unzoned
POL-00804,33.38341107831975,-116.96560548219037,Commercial,Wood Frame,634171,Low_or_Unzoned
POL-00805,33.1161091475882,-115.12907451350388,Commercial,Wood Frame,173146,Low_or_Unzoned
POL-00806,37.83410358561547,-121.02539495930795,Commercial,Masonry,3848334,Low_or_Unzoned
POL-00807,37.82627089695362,-121.89298146387611,Residential,Steel Frame,1731326,Low_or_Unzoned
POL-00808,38.92644540365044,-120.41140731349783,Commercial,Wood Frame,3051613,Low_or_Unzoned
POL-00809,35.06329684121803,-117.31038577924946,Commercial,Wood Frame,568045,Low_or_Unzoned
POL-00810,40.33796939671059,-122.27314700648753,Residential,Masonry,839413,Low_or_Unzoned
POL-00811,37.23342898150281,-121.99052435777871,Residential,Masonry,374152,Low_or_Unzoned
POL-00812,39.95652128255894,-124.2936594311581,Residential,Steel Frame,1095082,Low_or_Unzoned
POL-00813,37.41405603619529,-120.91351093616854,Commercial,Wood Frame,204345,High
POL-00814,36.68189048057716,-120.94567776603253,Residential,Wood Frame,70652,High
POL-00815,35.61783115928846,-117.35736777253108,Residential,Wood Frame,287055,Low_or_Unzoned
POL-00816,41.984301358233026,-124.02896414490897,Residential,Wood Frame,168656,Low_or_Unzoned
POL-00817,38.60436939558432,-121.25636391014045,Residential,Wood Frame,1762671,Low_or_Unzoned
POL-00818,36.501856506293684,-120.62838586755612,Residential,Wood Frame,2309500,High
POL-00819,40.478121713538364,-120.23214146150325,Residential,Wood Frame,175897,Low_or_Unzoned
POL-00820,37.93278657665827,-119.41928872207528,Commercial,Wood Frame,1518710,Low_or_Unzoned
POL-00821,34.252524404769574,-114.96850694167313,Residential,Steel Frame,1156730,Low_or_Unzoned
POL-00822,32.748868731054614,-115.83188416403564,Residential,Wood Frame,153918,Low_or_Unzoned
POL-00823,32.72982175696787,-116.191237499717,Residential,Wood Frame,395452,Low_or_Unzoned
POL-00824,40.40112191491985,-122.39043093330201,Residential,Masonry,339717,Low_or_Unzoned
POL-00825,35.094172694741715,-116.04624830807602,Residential,Masonry,983031,Low_or_Unzoned
POL-00826,34.26796346953964,-117.72592412534051,Residential,Masonry,202192,Very High
POL-00827,40.12511144305925,-124.32182414218761,Residential,Masonry,499269,Low_or_Unzoned
POL-00828,36.6500816748442,-117.50755475615513,Residential,Masonry,312154,Low_or_Unzoned
POL-00829,34.00962759285886,-118.80883936596288,Residential,Masonry,789119,Very High
POL-00830,38.29713892003759,-119.67458873619202,Residential,Masonry,454324,Low_or_Unzoned
POL-00831,39.638063317275936,-123.74176155398052,Residential,Masonry,352146,Low_or_Unzoned
POL-00832,33.155101155386,-116.46593707645673,Residential,Wood Frame,455596,Low_or_Unzoned
POL-00833,34.98620399549111,-117.69330198218287,Residential,Wood Frame,2754741,Very High
POL-00834,34.87068889857031,-118.06227948977296,Commercial,Masonry,387116,Very High
POL-00835,36.77252850328013,-119.05716263497914,Commercial,Wood Frame,234965,Low_or_Unzoned
POL-00836,39.87875029107422,-123.73456625534762,Residential,Steel Frame,861772,Low_or_Unzoned
POL-00837,33.12097849686166,-117.91825450364179,Residential,Wood Frame,481749,Low_or_Unzoned
POL-00838,37.13192633989715,-121.8414114763655,Residential,Wood Frame,174174,Low_or_Unzoned
POL-00839,32.81932920174118,-116.06121875528832,Residential,Steel Frame,3220982,Low_or_Unzoned
POL-00840,33.09520543282587,-115.912868227555,Commercial,Wood Frame,407589,Low_or_Unzoned
POL-00841,37.557996481614566,-119.72295276285877,Commercial,Steel Frame,399394,High
POL-00842,41.65224712502873,-120.1111671021774,Commercial,Steel Frame,614072,Low_or_Unzoned
POL-00843,41.82232235972384,-123.14652285672827,Commercial,Masonry,2156707,Low_or_Unzoned
POL-00844,34.93703559322035,-116.94003357241182,Commercial,Wood Frame,140956,Low_or_Unzoned
POL-00845,38.714658714003704,-123.43776099406242,Residential,Masonry,673867,Low_or_Unzoned
POL-00846,34.38192751121753,-117.95705253564783,Residential,Masonry,2869986,Very High
POL-00847,37.87063741843029,-120.76129335924898,Commercial,Masonry,598979,High
POL-00848,41.7340506314996,-122.04625028733368,Residential,Masonry,201135,Low_or_Unzoned
POL-00849,33.58390995643537,-117.00656702732239,Residential,Steel Frame,329483,Low_or_Unzoned
POL-00850,33.93684487298188,-115.32638063711214,Residential,Masonry,637625,Low_or_Unzoned
POL-00851,34.884183282732835,-115.40074526974722,Commercial,Steel Frame,1566952,Low_or_Unzoned
POL-00852,37.47221365805648,-120.01081051872302,Residential,Wood Frame,411898,High
POL-00853,33.27639078459439,-114.67028806371454,Residential,Wood Frame,1046876,Low_or_Unzoned
POL-00854,36.853856094522236,-119.10806239921142,Commercial,Wood Frame,171391,Low_or_Unzoned
POL-00855,34.07485813155112,-118.87526581021169,Commercial,Wood Frame,170250,Very High
POL-00856,41.48413239650268,-120.36099980670096,Commercial,Masonry,367235,Low_or_Unzoned
POL-00857,36.891807829505765,-119.54502363907251,Residential,Wood Frame,1707298,High
POL-00858,36.41177264505283,-119.3517188611968,Residential,Steel Frame,570974,Low_or_Unzoned
POL-00859,37.36877516331815,-121.0003514713595,Commercial,Wood Frame,681361,Low_or_Unzoned
POL-00860,36.8627788371711,-118.48588864776036,Residential,Wood Frame,674997,Low_or_Unzoned
POL-00861,34.41295593029176,-119.39193095980956,Residential,Wood Frame,1312397,Low_or_Unzoned
POL-00862,37.4341656652874,-121.29645328839497,Residential,Wood Frame,331646,Low_or_Unzoned
POL-00863,40.85602762203953,-121.27557869471738,Residential,Wood Frame,937177,Low_or_Unzoned
POL-00864,40.77049503793707,-124.13082787215247,Residential,Wood Frame,277977,Low_or_Unzoned
POL-00865,36.78677376971939,-118.78685944863558,Residential,Masonry,2640867,Low_or_Unzoned
POL-00866,39.834118524944905,-120.75613132764266,Residential,Wood Frame,284841,Low_or_Unzoned
POL-00867,36.90734807971716,-120.53784098908173,Commercial,Wood Frame,266755,High
POL-00868,41.137591955684826,-121.78861846077018,Residential,Masonry,838806,Low_or_Unzoned
POL-00869,37.61766708055079,-121.94359603729902,Residential,Wood Frame,575981,Low_or_Unzoned
POL-00870,37.229218826325756,-119.69347156660659,Residential,Wood Frame,701854,High
POL-00871,33.50200014958799,-116.52503843847208,Residential,Wood Frame,648132,Low_or_Unzoned
POL-00872,38.73941099488079,-122.33712406602103,Commercial,Wood Frame,225863,Low_or_Unzoned
POL-00873,39.86831258379061,-120.10120373116857,Residential,Masonry,1964379,Low_or_Unzoned
POL-00874,37.47163149635004,-118.5807604348233,Commercial,Wood Frame,1104423,Low_or_Unzoned
POL-00875,40.080184516351,-122.41893794257248,Residential,Masonry,1602635,Low_or_Unzoned
POL-00876,41.19335564986691,-120.79844296634457,Residential,Steel Frame,354100,Low_or_Unzoned
POL-00877,40.035982829163416,-123.17031018205707,Residential,Wood Frame,754053,Low_or_Unzoned
POL-00878,41.10836092027478,-123.63964639009947,Residential,Steel Frame,632790,Low_or_Unzoned
POL-00879,34.25013597276125,-114.80549677935367,Residential,Wood Frame,1332279,Low_or_Unzoned
POL-00880,38.71577924708714,-121.66770410832545,Residential,Wood Frame,1367094,Low_or_Unzoned
POL-00881,33.94499069061159,-117.12481342865371,Residential,Wood Frame,630608,Low_or_Unzoned
POL-00882,36.68307247449931,-117.581531030964,Commercial,Wood Frame,160434,Low_or_Unzoned
POL-00883,40.134233586694585,-123.95375057219081,Commercial,Masonry,2243907,Low_or_Unzoned
POL-00884,41.68770284496212,-124.45885706301353,Residential,Wood Frame,843057,Low_or_Unzoned
POL-00885,40.87831370389412,-122.9117250131419,Residential,Masonry,332119,Low_or_Unzoned
POL-00886,36.56115203524584,-121.51091524211213,Residential,Masonry,748056,Low_or_Unzoned
POL-00887,32.619771439769714,-116.55874398170691,Commercial,Wood Frame,161316,Low_or_Unzoned
POL-00888,37.81767899456463,-118.8335512165169,Residential,Masonry,1257055,Low_or_Unzoned
POL-00889,40.95745150366912,-123.42551211489234,Residential,Steel Frame,166546,Low_or_Unzoned
POL-00890,34.28041346892703,-117.80727394730317,Residential,Wood Frame,452857,Very High
POL-00891,37.637540672362675,-120.70250612645205,Residential,Wood Frame,657081,High
POL-00892,39.24730658692146,-123.36179608647547,Residential,Wood Frame,1240557,Low_or_Unzoned
POL-00893,40.30555052824948,-122.73475997522388,Residential,Wood Frame,588443,Low_or_Unzoned
POL-00894,36.863019373145534,-119.12126407929927,Commercial,Wood Frame,898040,Low_or_Unzoned
POL-00895,35.899083520591695,-119.38256451682693,Commercial,Wood Frame,528324,Low_or_Unzoned
POL-00896,37.19501824887785,-117.93653869679144,Residential,Masonry,526628,Low_or_Unzoned
POL-00897,35.68447645002329,-118.41239986149397,Residential,Masonry,578608,Low_or_Unzoned
POL-00898,34.150735134789564,-118.8277186988245,Residential,Wood Frame,464517,Very High
POL-00899,40.34679302072678,-123.83947150181075,Commercial,Wood Frame,140188,Low_or_Unzoned
POL-00900,33.84873390272944,-116.69479459651487,Commercial,Wood Frame,292243,Low_or_Unzoned
POL-00901,35.805443410030584,-116.90503180806338,Residential,Wood Frame,657250,Low_or_Unzoned
POL-00902,38.6859020563759,-122.87474663411582,Residential,Wood Frame,442724,Low_or_Unzoned
POL-00903,38.3988213910451,-121.33765633652773,Residential,Steel Frame,477038,Low_or_Unzoned
POL-00904,40.49375175430522,-120.590775464983,Residential,Wood Frame,417198,Low_or_Unzoned
POL-00905,36.977228090282566,-121.8260304581554,Residential,Wood Frame,270796,Low_or_Unzoned
POL-00906,38.5243503138095,-120.22221724577581,Commercial,Wood Frame,364222,Low_or_Unzoned
POL-00907,33.16159090754285,-117.92866745268506,Residential,Masonry,422749,Low_or_Unzoned
POL-00908,34.65820579172339,-119.12464437783976,Residential,Masonry,542592,Low_or_Unzoned
POL-00909,35.1531228403169,-118.60325766902196,Commercial,Wood Frame,740219,Low_or_Unzoned
POL-00910,38.607378145557725,-122.70645608378479,Residential,Wood Frame,467689,Low_or_Unzoned
POL-00911,39.094430448343395,-122.42425181729789,Commercial,Wood Frame,237109,Low_or_Unzoned
POL-00912,37.370220154878005,-121.15241810983345,Residential,Wood Frame,176580,Low_or_Unzoned
POL-00913,35.40045142861895,-118.26828763387056,Commercial,Steel Frame,4316475,Low_or_Unzoned
POL-00914,39.777615377085375,-121.37925180462649,Residential,Masonry,218851,Low_or_Unzoned
POL-00915,39.99024976090634,-123.0759205319232,Residential,Masonry,356860,Low_or_Unzoned
POL-00916,38.817356583021954,-122.97089920959306,Residential,Wood Frame,817168,Low_or_Unzoned
POL-00917,34.972725146877025,-117.17696801900948,Residential,Wood Frame,721212,Low_or_Unzoned
POL-00918,33.55439995752807,-117.23476268570079,Residential,Masonry,819699,Low_or_Unzoned
POL-00919,37.69315809178399,-122.3022862037408,Commercial,Wood Frame,379202,Low_or_Unzoned
POL-00920,39.52908914728584,-123.55060073318757,Commercial,Steel Frame,653989,Low_or_Unzoned
POL-00921,40.654245929591646,-120.959268850734,Residential,Wood Frame,567544,Low_or_Unzoned
POL-00922,35.27607318938803,-120.2762656563228,Residential,Wood Frame,420960,Low_or_Unzoned
POL-00923,41.152316535617196,-123.9621448877547,Commercial,Masonry,657584,Low_or_Unzoned
POL-00924,40.146614379993665,-123.20515584370943,Commercial,Wood Frame,1257067,Low_or_Unzoned
POL-00925,41.64669839220325,-120.81754722608312,Residential,Wood Frame,530852,Low_or_Unzoned
POL-00926,35.395135406168265,-116.06670962785633,Commercial,Wood Frame,533685,Low_or_Unzoned
POL-00927,40.37924931615905,-122.88916473491457,Residential,Masonry,1270001,Low_or_Unzoned
POL-00928,40.79116147587821,-120.57979180916577,Residential,Wood Frame,1165998,Low_or_Unzoned
POL-00929,36.953295671912805,-117.90383073052304,Residential,Wood Frame,1918682,Low_or_Unzoned
POL-00930,35.32375917323186,-116.30283821577744,Commercial,Masonry,132589,Low_or_Unzoned
POL-00931,35.34923155931635,-120.40249522936806,Residential,Wood Frame,1114699,Low_or_Unzoned
POL-00932,32.95735694179436,-114.9309109297277,Residential,Steel Frame,874374,Low_or_Unzoned
POL-00933,40.59650680671622,-122.66776589282146,Residential,Wood Frame,266060,Low_or_Unzoned
POL-00934,38.84414449065086,-120.52361476639783,Residential,Masonry,660842,Low_or_Unzoned
POL-00935,34.260636705522785,-117.66739396449509,Residential,Wood Frame,1252807,Very High
POL-00936,33.250207040812874,-115.39837440027087,Residential,Masonry,278360,Low_or_Unzoned
POL-00937,34.77534661414061,-115.1132828966437,Residential,Masonry,769926,Low_or_Unzoned
POL-00938,37.4537340459141,-118.12947987931496,Residential,Steel Frame,1084991,Low_or_Unzoned
POL-00939,41.14145478464763,-122.67323730502106,Commercial,Wood Frame,229391,Low_or_Unzoned
POL-00940,38.85740249791174,-120.9564910200138,Residential,Wood Frame,482227,Low_or_Unzoned
POL-00941,40.378224593509174,-124.3101485318403,Commercial,Masonry,687470,Low_or_Unzoned
POL-00942,40.85029955268154,-120.29653638168703,Residential,Wood Frame,285813,Low_or_Unzoned
POL-00943,37.93183734445906,-118.7262923278598,Residential,Wood Frame,267447,Low_or_Unzoned
POL-00944,36.589060398049405,-117.53335137614854,Residential,Steel Frame,485029,Low_or_Unzoned
POL-00945,39.851856729436484,-123.23494086439608,Residential,Wood Frame,1026136,Low_or_Unzoned
POL-00946,40.978971254571036,-122.85556544362717,Residential,Steel Frame,904363,Low_or_Unzoned
POL-00947,39.17502084431241,-123.47754434436595,Commercial,Wood Frame,271269,Low_or_Unzoned
POL-00948,39.56414220367732,-121.81550465501594,Commercial,Masonry,910486,Low_or_Unzoned
POL-00949,37.30952756520443,-120.67205251104143,Residential,Wood Frame,276854,High
POL-00950,34.91672001799755,-115.8178876046797,Residential,Wood Frame,149024,Low_or_Unzoned
POL-00951,35.937604385448815,-118.5921180595212,Commercial,Steel Frame,402836,Low_or_Unzoned
POL-00952,32.933663082272645,-117.00712265423356,Residential,Wood Frame,1326925,Low_or_Unzoned
POL-00953,35.1297359240174,-118.52746626744434,Residential,Masonry,913253,Low_or_Unzoned
POL-00954,35.647796567478984,-119.96277951357975,Commercial,Masonry,539685,Low_or_Unzoned
POL-00955,34.36292827101473,-119.75174144893197,Commercial,Wood Frame,387176,Low_or_Unzoned
POL-00956,38.3024106752198,-123.00075081498721,Residential,Steel Frame,395612,Low_or_Unzoned
POL-00957,35.16649054740176,-120.41093585918443,Residential,Wood Frame,589498,Low_or_Unzoned
POL-00958,34.46642949516505,-114.50712473289936,Residential,Masonry,229865,Low_or_Unzoned
POL-00959,37.4074399702368,-121.14293108193154,Commercial,Wood Frame,409017,Low_or_Unzoned
POL-00960,32.552305092024,-115.38496932139584,Commercial,Masonry,454768,Low_or_Unzoned
POL-00961,32.57280831016764,-115.24686784234015,Residential,Masonry,183347,Low_or_Unzoned
POL-00962,33.52624466424157,-116.89214195383241,Commercial,Wood Frame,276299,Low_or_Unzoned
POL-00963,37.93446211200836,-119.85212409326545,Commercial,Masonry,750432,High
POL-00964,37.37034339658596,-119.40469920540248,Residential,Wood Frame,544492,Low_or_Unzoned
POL-00965,35.28814382047715,-116.33195122914036,Commercial,Wood Frame,422097,Low_or_Unzoned
POL-00966,41.35166033461176,-120.4851850238529,Residential,Wood Frame,260630,Low_or_Unzoned
POL-00967,36.271642891753324,-119.8471628741094,Residential,Wood Frame,1907835,Low_or_Unzoned
POL-00968,38.36213190311911,-120.64292458958856,Residential,Wood Frame,276403,Low_or_Unzoned
POL-00969,37.32041341781918,-120.70143272481306,Commercial,Wood Frame,660844,High
POL-00970,39.17145827730081,-121.67088581381162,Residential,Wood Frame,365749,Low_or_Unzoned
POL-00971,41.93175997049117,-121.58601054852488,Residential,Wood Frame,556277,Low_or_Unzoned
POL-00972,33.749146639030826,-114.69916216625373,Commercial,Wood Frame,779250,Low_or_Unzoned
POL-00973,35.10994949243543,-116.90288698002357,Residential,Masonry,180555,Low_or_Unzoned
POL-00974,36.24847271817764,-118.43953989965526,Commercial,Masonry,537512,Low_or_Unzoned
POL-00975,36.5073676961189,-117.69893942858357,Residential,Wood Frame,1400840,Low_or_Unzoned
POL-00976,35.43904081969643,-120.72604981827642,Residential,Masonry,2211544,Low_or_Unzoned
POL-00977,40.3260086501023,-123.64452407401411,Residential,Masonry,486985,Low_or_Unzoned
POL-00978,41.57307485910739,-122.46993804707346,Commercial,Masonry,558687,Low_or_Unzoned
POL-00979,38.545813016742365,-119.59982686377593,Residential,Wood Frame,3169443,Low_or_Unzoned
POL-00980,33.065484653303834,-116.96959480600904,Residential,Wood Frame,1339677,Low_or_Unzoned
POL-00981,36.14646938892731,-116.68011731788582,Commercial,Masonry,329777,Low_or_Unzoned
POL-00982,36.480004006781016,-121.49406144782462,Residential,Masonry,329329,Low_or_Unzoned
POL-00983,39.63619145417997,-121.90163869705196,Commercial,Wood Frame,1161519,Low_or_Unzoned
POL-00984,33.17457281306593,-117.72500473219002,Commercial,Wood Frame,240667,Low_or_Unzoned
POL-00985,33.26171013377808,-117.66479667520528,Residential,Masonry,1290036,Low_or_Unzoned
POL-00986,41.44639426037979,-120.11406004678375,Residential,Masonry,706049,Low_or_Unzoned
POL-00987,38.94736458838936,-121.62650295832469,Residential,Masonry,817639,Low_or_Unzoned
POL-00988,32.59624624826356,-117.04776060958929,Residential,Wood Frame,440036,Low_or_Unzoned
POL-00989,33.85030267603785,-117.4270967640347,Commercial,Wood Frame,326485,Low_or_Unzoned
POL-00990,36.50932547121257,-119.60988143449127,Commercial,Wood Frame,1740345,High
POL-00991,37.11700469107723,-119.56705462478884,Residential,Wood Frame,443569,High
POL-00992,37.983398923978235,-119.7176114939332,Residential,Wood Frame,388967,High
POL-00993,35.76008985514025,-119.21094593680546,Residential,Masonry,506809,Low_or_Unzoned
POL-00994,40.53324144840411,-120.94713740778523,Residential,Wood Frame,630594,Low_or_Unzoned
POL-00995,38.89318291274711,-122.30184180646697,Residential,Masonry,236887,Low_or_Unzoned
POL-00996,35.40997823839302,-116.716258562317,Residential,Wood Frame,343898,Low_or_Unzoned
POL-00997,41.20803474049147,-124.20766896174284,Residential,Wood Frame,329579,Low_or_Unzoned
POL-00998,35.52923477405082,-119.67404510680427,Residential,Wood Frame,1062594,Low_or_Unzoned
POL-00999,36.02613802265746,-118.64885575015668,Commercial,Wood Frame,265994,Low_or_Unzoned
POL-01000,39.20306569511634,-121.56244722568607,Residential,Masonry,132638,Low_or_Unzoned
POL-01001,33.85464436877813,-117.21929103899504,Commercial,Wood Frame,112007,Low_or_Unzoned
POL-01002,38.6353126697216,-119.87366730237866,Residential,Wood Frame,166657,Low_or_Unzoned
POL-01003,35.73573958252227,-117.3158047105209,Commercial,Wood Frame,1605957,Low_or_Unzoned
POL-01004,33.18126294405268,-115.23436749085039,Residential,Wood Frame,547416,Low_or_Unzoned
POL-01005,35.96364041787663,-121.04472531566236,Commercial,Masonry,806935,Low_or_Unzoned
POL-01006,41.658165367618174,-120.03966109602018,Commercial,Wood Frame,830007,Low_or_Unzoned
POL-01007,36.1499637733651,-120.45169873433747,Residential,Masonry,565206,Low_or_Unzoned
POL-01008,32.87046211946166,-114.8881298845996,Residential,Masonry,508985,Low_or_Unzoned
POL-01009,32.79408001373376,-116.49968905469748,Commercial,Wood Frame,1246214,Low_or_Unzoned
POL-01010,36.18587421949526,-119.19628666468793,Commercial,Wood Frame,607311,Low_or_Unzoned
POL-01011,39.68402933252668,-123.88850277638711,Commercial,Masonry,1654944,Low_or_Unzoned
POL-01012,36.85596858437796,-121.74611962094266,Commercial,Masonry,887943,Low_or_Unzoned
POL-01013,35.24782533374022,-119.92125995769722,Residential,Wood Frame,329642,Low_or_Unzoned
POL-01014,41.05079023865657,-122.85252244646574,Residential,Wood Frame,363048,Low_or_Unzoned
POL-01015,33.60332012190499,-114.55056617359755,Residential,Wood Frame,301953,Low_or_Unzoned
POL-01016,35.23985165927809,-119.09048162554876,Commercial,Wood Frame,1431220,Low_or_Unzoned
POL-01017,36.20007800157299,-118.59748008481036,Residential,Wood Frame,390803,Low_or_Unzoned
POL-01018,36.162363095000764,-118.69660915452182,Residential,Wood Frame,285278,Low_or_Unzoned
POL-01019,33.96437791019563,-118.93989704226419,Commercial,Wood Frame,697893,Low_or_Unzoned
POL-01020,37.7602591109011,-121.67695377772043,Commercial,Wood Frame,499951,Low_or_Unzoned
POL-01021,40.41967463840706,-124.15889073475327,Residential,Wood Frame,683960,Low_or_Unzoned
POL-01022,36.684192827968026,-118.24959316840743,Residential,Masonry,2450618,Low_or_Unzoned
POL-01023,35.37216586883919,-118.8384651616632,Residential,Wood Frame,1121812,Low_or_Unzoned
POL-01024,34.34892644869628,-119.41576203684976,Residential,Steel Frame,552168,Low_or_Unzoned
POL-01025,35.75325579892978,-118.70727633803216,Commercial,Wood Frame,175126,Low_or_Unzoned
POL-01026,35.067353075242444,-115.66849020853094,Residential,Masonry,362228,Low_or_Unzoned
POL-01027,37.798233849375414,-119.98139667626474,Commercial,Wood Frame,954398,High
POL-01028,36.71841561742093,-118.03799639215427,Commercial,Masonry,211751,Low_or_Unzoned
POL-01029,38.449226053500105,-120.23999854610005,Residential,Wood Frame,2995962,Low_or_Unzoned
POL-01030,36.31689860621608,-120.85347101979018,Residential,Wood Frame,546633,Low_or_Unzoned
POL-01031,41.94155969454713,-121.71510051372192,Residential,Steel Frame,561899,Low_or_Unzoned
POL-01032,37.90908493123169,-121.6855045325243,Residential,Wood Frame,317008,Low_or_Unzoned
POL-01033,36.25380856101103,-118.84972939458196,Residential,Steel Frame,804028,Low_or_Unzoned
POL-01034,34.663622492980494,-117.59152593235179,Commercial,Wood Frame,213971,Very High
POL-01035,40.009843045611404,-123.27082366369044,Residential,Wood Frame,3053851,Low_or_Unzoned
POL-01036,40.045001294219354,-123.16783530533752,Commercial,Wood Frame,1550179,Low_or_Unzoned
POL-01037,35.11979189838789,-118.27881846864774,Residential,Masonry,1187590,Low_or_Unzoned
POL-01038,40.70370146388818,-120.47210507627084,Residential,Wood Frame,177665,Low_or_Unzoned
POL-01039,38.09294946024754,-120.04409372643684,Commercial,Steel Frame,636876,Low_or_Unzoned
POL-01040,36.065634125236215,-116.99569106543046,Residential,Wood Frame,1421565,Low_or_Unzoned
POL-01041,35.21494377749577,-118.16017604849576,Residential,Masonry,868466,Low_or_Unzoned
POL-01042,39.737082818088126,-120.186427846542,Residential,Wood Frame,242392,Low_or_Unzoned
POL-01043,37.984150777714746,-120.5957137620526,Residential,Wood Frame,321233,High
POL-01044,40.72298288343325,-124.22869079168989,Commercial,Wood Frame,376416,Low_or_Unzoned
POL-01045,41.81702376404258,-122.17131533469777,Residential,Wood Frame,333450,Low_or_Unzoned
POL-01046,40.36142976000988,-122.38766006096677,Residential,Wood Frame,1835859,Low_or_Unzoned
POL-01047,39.76301404921982,-123.65933427344586,Residential,Wood Frame,116214,Low_or_Unzoned
POL-01048,37.948525038827945,-119.5182416116325,Commercial,Wood Frame,913222,High
POL-01049,41.582447864313366,-124.39532303528756,Residential,Wood Frame,192174,Low_or_Unzoned
POL-01050,33.5380099979414,-116.01992836958877,Residential,Wood Frame,250446,Low_or_Unzoned
POL-01051,41.300634763935825,-122.05453069418044,Residential,Wood Frame,108251,Low_or_Unzoned
POL-01052,32.68160289708276,-115.62403525526837,Residential,Wood Frame,348278,Low_or_Unzoned
POL-01053,39.36571609813317,-122.86522772356271,Residential,Steel Frame,1809543,Low_or_Unzoned
POL-01054,39.07905809960253,-122.13052187795343,Residential,Steel Frame,667877,Low_or_Unzoned
POL-01055,35.344258089530975,-116.17833243997596,Residential,Wood Frame,207173,Low_or_Unzoned
POL-01056,40.1421534729553,-123.80007178685528,Residential,Steel Frame,1219215,Low_or_Unzoned
POL-01057,39.50976042633454,-123.70817215207572,Residential,Masonry,1447058,Low_or_Unzoned
POL-01058,40.424373671506416,-121.87123333950602,Commercial,Wood Frame,587268,Low_or_Unzoned
POL-01059,33.85707772935797,-115.17314193662918,Commercial,Wood Frame,2751892,Low_or_Unzoned
POL-01060,38.756134898865525,-122.5207515456466,Residential,Steel Frame,1042624,Low_or_Unzoned
POL-01061,38.32923908525586,-121.67971120439672,Residential,Masonry,932964,Low_or_Unzoned
POL-01062,36.37165879480809,-119.22077386060985,Residential,Masonry,284161,Low_or_Unzoned
POL-01063,35.81379507271005,-120.99190115309109,Commercial,Masonry,892622,Low_or_Unzoned
POL-01064,41.503036246662475,-124.4107964246243,Residential,Wood Frame,642699,Low_or_Unzoned
POL-01065,33.18700651495042,-116.50943717902967,Commercial,Wood Frame,819019,Low_or_Unzoned
POL-01066,37.46447769369908,-120.65399294483151,Residential,Wood Frame,312491,High
POL-01067,33.23018971512355,-116.57320833225697,Residential,Wood Frame,598677,Low_or_Unzoned
POL-01068,40.04789767266211,-121.97840824176885,Commercial,Wood Frame,281112,Low_or_Unzoned
POL-01069,39.21732153403363,-121.10299155576111,Commercial,Wood Frame,96983,Low_or_Unzoned
POL-01070,34.70765106903245,-117.18136335369024,Commercial,Wood Frame,1200974,Low_or_Unzoned
POL-01071,35.16954273963278,-118.61878217840184,Residential,Wood Frame,162444,Low_or_Unzoned
POL-01072,40.133086061320405,-120.44214307455668,Residential,Wood Frame,588745,Low_or_Unzoned
POL-01073,41.32766650950261,-120.08737918102081,Residential,Wood Frame,705316,Low_or_Unzoned
POL-01074,36.34847559801188,-118.59783573245609,Residential,Wood Frame,701692,Low_or_Unzoned
POL-01075,41.10805452025872,-124.43842035718481,Residential,Wood Frame,430859,Low_or_Unzoned
POL-01076,38.2331844124121,-121.65782215483182,Residential,Masonry,671298,Low_or_Unzoned
POL-01077,35.899233799078715,-120.6098399108751,Residential,Steel Frame,787622,Low_or_Unzoned
POL-01078,33.66774644542118,-115.24205581879485,Residential,Wood Frame,972837,Low_or_Unzoned
POL-01079,38.435446696499326,-120.19181092033705,Commercial,Wood Frame,2162451,Low_or_Unzoned
POL-01080,40.13760582174894,-121.33254646287294,Commercial,Masonry,651710,Low_or_Unzoned
POL-01081,37.74875919037495,-120.46779972336793,Residential,Wood Frame,568774,High
POL-01082,33.857321632724414,-116.63551031724795,Residential,Masonry,261611,Low_or_Unzoned
POL-01083,39.86578842882979,-121.64068832959863,Residential,Wood Frame,765861,Low_or_Unzoned
POL-01084,37.21860651677049,-121.85401867273725,Commercial,Masonry,921636,Low_or_Unzoned
POL-01085,33.77136944849708,-118.39331720257756,Residential,Steel Frame,463312,Low_or_Unzoned
POL-01086,39.6121297241989,-120.65670320966159,Commercial,Masonry,835420,Low_or_Unzoned
POL-01087,35.51707455498061,-116.02537628664511,Commercial,Wood Frame,427618,Low_or_Unzoned
POL-01088,35.12361079929855,-118.8629789617225,Residential,Masonry,924301,Low_or_Unzoned
POL-01089,32.53628926525654,-116.47699634092177,Residential,Masonry,1121392,Low_or_Unzoned
POL-01090,39.53858853344468,-124.11842214267945,Commercial,Masonry,1108925,Low_or_Unzoned
POL-01091,33.46797768662713,-116.85081369460188,Residential,Wood Frame,593786,Low_or_Unzoned
POL-01092,35.47680521705886,-116.88258423127328,Residential,Masonry,235160,Low_or_Unzoned
POL-01093,39.99485848187207,-123.31107215577919,Commercial,Wood Frame,331197,Low_or_Unzoned
POL-01094,40.97278537570198,-120.23315274458665,Residential,Wood Frame,869893,Low_or_Unzoned
POL-01095,36.621265485977034,-119.4067344540017,Commercial,Wood Frame,3832584,Low_or_Unzoned
POL-01096,41.65874495665603,-122.69737895204622,Commercial,Wood Frame,411442,Low_or_Unzoned
POL-01097,33.348250482992945,-116.01776975582047,Commercial,Masonry,778146,Low_or_Unzoned
POL-01098,37.19123338434082,-118.66335645091092,Residential,Masonry,346333,Low_or_Unzoned
POL-01099,36.18266365182865,-117.154957360773,Residential,Wood Frame,247911,Low_or_Unzoned
POL-01100,38.51076284811171,-120.1738137410076,Residential,Masonry,314565,Low_or_Unzoned
POL-01101,39.186642370526144,-123.04682534733469,Commercial,Steel Frame,102132,Low_or_Unzoned
POL-01102,34.08605434309839,-118.99094077980097,Commercial,Wood Frame,1595580,Very High
POL-01103,38.83066142899296,-120.95101279920085,Residential,Wood Frame,90752,Low_or_Unzoned
POL-01104,41.53234072344771,-123.60327391494583,Residential,Wood Frame,437546,Low_or_Unzoned
POL-01105,35.33149598207471,-116.55826142519184,Residential,Wood Frame,210554,Low_or_Unzoned
POL-01106,33.50096676138314,-116.16158710181114,Commercial,Wood Frame,266331,Low_or_Unzoned
POL-01107,35.920479426059295,-120.1887136789982,Commercial,Wood Frame,1625324,Low_or_Unzoned
POL-01108,36.61092679218719,-117.30001592734085,Commercial,Wood Frame,634665,Low_or_Unzoned
POL-01109,36.013225931878175,-121.13349098122262,Commercial,Steel Frame,249617,Low_or_Unzoned
POL-01110,39.791892470920224,-121.98661671840851,Commercial,Masonry,337184,Low_or_Unzoned
POL-01111,36.45679210308685,-120.11133066585418,Commercial,Wood Frame,292908,Low_or_Unzoned
POL-01112,40.31070892475602,-121.86248395165309,Residential,Wood Frame,521864,Low_or_Unzoned
POL-01113,40.578306010639004,-121.13404034682677,Residential,Wood Frame,620520,Low_or_Unzoned
POL-01114,38.74485808061622,-121.39014396163051,Commercial,Wood Frame,2461939,Low_or_Unzoned
POL-01115,36.98667713954833,-118.49101994730898,Residential,Wood Frame,116653,Low_or_Unzoned
POL-01116,35.30536403693241,-116.55371315952483,Residential,Wood Frame,525523,Low_or_Unzoned
POL-01117,39.516675852257144,-122.90420808402246,Residential,Wood Frame,419805,Low_or_Unzoned
POL-01118,38.62590973821198,-120.87091611112034,Residential,Wood Frame,1152263,Low_or_Unzoned
POL-01119,39.275465391184866,-121.91334340395584,Residential,Wood Frame,717734,Low_or_Unzoned
POL-01120,40.957042525043654,-123.11704988033327,Residential,Masonry,866562,Low_or_Unzoned
POL-01121,35.230391166423004,-115.48317783043942,Residential,Wood Frame,712167,Low_or_Unzoned
POL-01122,35.993966883683456,-117.84527551015348,Residential,Wood Frame,256377,Low_or_Unzoned
POL-01123,37.40068807576712,-118.96041396453381,Residential,Wood Frame,1424045,Low_or_Unzoned
POL-01124,35.042130428915726,-117.61792222637305,Commercial,Steel Frame,1023566,Low_or_Unzoned
POL-01125,40.43706214455085,-122.05153067857303,Residential,Masonry,1124021,Low_or_Unzoned
POL-01126,32.63958719222206,-115.42376863445882,Residential,Wood Frame,1485467,Low_or_Unzoned
POL-01127,36.10139346238339,-121.25163009815986,Residential,Steel Frame,754748,Low_or_Unzoned
POL-01128,35.70478269430638,-117.21161763324952,Residential,Wood Frame,1767000,Low_or_Unzoned
POL-01129,36.42960541172704,-120.80704691143251,Residential,Steel Frame,730958,Low_or_Unzoned
POL-01130,37.182213552250744,-118.79341349987834,Commercial,Wood Frame,453501,Low_or_Unzoned
POL-01131,38.15375091160397,-122.21330158144053,Commercial,Wood Frame,537517,Low_or_Unzoned
POL-01132,35.46270665021039,-120.76693712990392,Residential,Masonry,530155,Low_or_Unzoned
POL-01133,39.842754077823095,-121.40563561620196,Residential,Wood Frame,356641,Low_or_Unzoned
POL-01134,37.452312452714324,-118.50226436360907,Residential,Masonry,1993716,Low_or_Unzoned
POL-01135,33.641968676645476,-114.73582148697052,Commercial,Wood Frame,684905,Low_or_Unzoned
POL-01136,35.02303691310676,-118.77662416497115,Commercial,Masonry,582911,Low_or_Unzoned
POL-01137,39.84484780222738,-123.4652580601641,Residential,Wood Frame,737203,Low_or_Unzoned
POL-01138,37.4206250132695,-122.06317493240526,Residential,Wood Frame,5861309,Low_or_Unzoned
POL-01139,35.80690813509874,-117.05654993435839,Commercial,Steel Frame,218517,Low_or_Unzoned
POL-01140,32.51285944429695,-115.50119520252893,Commercial,Masonry,274846,Low_or_Unzoned
POL-01141,35.34810501186974,-120.14137464302321,Residential,Steel Frame,179071,Low_or_Unzoned
POL-01142,40.547077856347045,-122.07728680282594,Commercial,Masonry,448615,Low_or_Unzoned
POL-01143,39.94038492633695,-123.70696559672818,Residential,Masonry,657641,Low_or_Unzoned
POL-01144,36.85095971053393,-120.00947459884623,Residential,Wood Frame,372406,High
POL-01145,36.28105028306778,-118.24132872344376,Commercial,Wood Frame,350886,Low_or_Unzoned
POL-01146,33.049522269748024,-114.69872139487656,Residential,Wood Frame,605569,Low_or_Unzoned
POL-01147,41.59900310938794,-120.8817357448668,Commercial,Wood Frame,361607,Low_or_Unzoned
POL-01148,41.455881031394064,-122.80966346728256,Residential,Masonry,692553,Low_or_Unzoned
POL-01149,41.64629932740546,-121.99968914583302,Residential,Wood Frame,1317685,Low_or_Unzoned
POL-01150,33.218247885859135,-114.64629977569072,Residential,Steel Frame,928777,Low_or_Unzoned
POL-01151,34.36041429927557,-118.51303423410205,Residential,Wood Frame,1093408,Very High
POL-01152,33.83762801448042,-115.45063985540429,Residential,Masonry,1288172,Low_or_Unzoned
POL-01153,38.41292959487697,-119.49034691421377,Commercial,Wood Frame,677566,Low_or_Unzoned
POL-01154,38.54156971805542,-120.217110513808,Residential,Wood Frame,475959,Low_or_Unzoned
POL-01155,41.216115509753905,-124.48500239766865,Commercial,Steel Frame,291325,Low_or_Unzoned
POL-01156,35.2597928038785,-119.77937479433724,Residential,Wood Frame,395164,Low_or_Unzoned
POL-01157,38.49375700717705,-122.77733232321398,Commercial,Wood Frame,355418,Low_or_Unzoned
POL-01158,36.75289754139897,-121.50554074189449,Residential,Wood Frame,970277,Low_or_Unzoned
POL-01159,33.77561108357162,-116.17517952462796,Residential,Wood Frame,713135,Low_or_Unzoned
POL-01160,38.956393160983524,-121.05332156258797,Residential,Wood Frame,943551,Low_or_Unzoned
POL-01161,35.10968624295497,-115.36473828203826,Residential,Masonry,213572,Low_or_Unzoned
POL-01162,37.6924828493068,-119.98677179611347,Residential,Wood Frame,1698743,High
POL-01163,36.61175202098996,-121.4837942037908,Residential,Wood Frame,384006,Low_or_Unzoned
POL-01164,32.91704945510855,-116.76365702854294,Commercial,Wood Frame,224131,Low_or_Unzoned
POL-01165,40.03485730296902,-121.18267386495081,Commercial,Masonry,380265,Low_or_Unzoned
POL-01166,34.79878273801193,-115.31515572836577,Commercial,Masonry,3941266,Low_or_Unzoned
POL-01167,34.37079419230757,-116.04651954360497,Residential,Wood Frame,396260,Low_or_Unzoned
POL-01168,41.82086545202231,-121.3132089539465,Commercial,Wood Frame,416617,Low_or_Unzoned
POL-01169,37.91062790588749,-120.31597299785325,Commercial,Wood Frame,463386,High
POL-01170,36.6514609138234,-119.59243297779679,Residential,Masonry,479789,High
POL-01171,38.138828886098466,-121.50141402949431,Residential,Masonry,289184,Low_or_Unzoned
POL-01172,38.41226101386384,-121.21513140594048,Residential,Steel Frame,605960,Low_or_Unzoned
POL-01173,41.8211894492418,-123.47053234983514,Residential,Wood Frame,1277577,Low_or_Unzoned
POL-01174,34.30602267294541,-118.96841975647067,Residential,Wood Frame,694836,Very High
POL-01175,40.02965360473964,-123.90045967632565,Residential,Wood Frame,222141,Low_or_Unzoned
POL-01176,41.12503854090639,-123.33929675375991,Commercial,Wood Frame,410250,Low_or_Unzoned
POL-01177,41.4651651317921,-122.19641141343942,Residential,Wood Frame,347589,Low_or_Unzoned
POL-01178,37.453866567853986,-119.95086521075521,Residential,Wood Frame,563741,High
POL-01179,37.030551011445716,-120.99610582045588,Commercial,Masonry,1566510,High
POL-01180,39.32414616603404,-121.17707776735426,Commercial,Wood Frame,479689,Low_or_Unzoned
POL-01181,34.84973300028129,-116.3730515834129,Commercial,Masonry,503569,Low_or_Unzoned
POL-01182,34.04564756618137,-116.1467838847702,Residential,Wood Frame,2240289,Low_or_Unzoned
POL-01183,37.86831046830118,-119.48996305211499,Residential,Steel Frame,1089211,Low_or_Unzoned
POL-01184,39.83045565429677,-123.12574804518745,Residential,Steel Frame,855349,Low_or_Unzoned
POL-01185,37.23950881309145,-122.02655768675774,Residential,Steel Frame,2588283,Low_or_Unzoned
POL-01186,32.61497960937302,-114.70870849247748,Residential,Masonry,799585,Low_or_Unzoned
POL-01187,32.58586545625327,-115.47521875593857,Residential,Masonry,110280,Low_or_Unzoned
POL-01188,35.89177876771512,-117.04725697264828,Commercial,Wood Frame,1051925,Low_or_Unzoned
POL-01189,34.672429406234286,-119.03660192499045,Residential,Wood Frame,151205,Low_or_Unzoned
POL-01190,39.424183701564495,-122.42895200524633,Residential,Masonry,775764,Low_or_Unzoned
POL-01191,36.57266919937112,-117.40102314127195,Residential,Masonry,137173,Low_or_Unzoned
POL-01192,41.23554473423248,-122.85644325913472,Commercial,Steel Frame,371950,Low_or_Unzoned
POL-01193,41.93592264651816,-120.6503041489872,Residential,Wood Frame,403920,Low_or_Unzoned
POL-01194,39.72957527320622,-122.82635370990027,Residential,Wood Frame,291823,Low_or_Unzoned
POL-01195,39.66551724679672,-122.74702312013807,Residential,Masonry,408774,Low_or_Unzoned
POL-01196,41.22505110538138,-123.22786765675966,Residential,Steel Frame,1234342,Low_or_Unzoned
POL-01197,41.53382164777421,-123.60321093051321,Residential,Wood Frame,305235,Low_or_Unzoned
POL-01198,39.9817163156584,-120.12900825028427,Residential,Wood Frame,835773,Low_or_Unzoned
POL-01199,34.88451314099185,-119.78706066065396,Residential,Wood Frame,249566,Low_or_Unzoned
POL-01200,38.73799520022482,-122.11903451729458,Commercial,Wood Frame,464353,Low_or_Unzoned
POL-01201,34.32013298448084,-114.96169387368002,Residential,Wood Frame,700165,Low_or_Unzoned
POL-01202,37.30660012348185,-121.06642893079093,Commercial,Wood Frame,243476,Low_or_Unzoned
POL-01203,34.59810143814858,-117.90643327889947,Residential,Masonry,189212,Very High
POL-01204,32.84217877376855,-114.94933970193534,Residential,Wood Frame,800908,Low_or_Unzoned
POL-01205,34.16460683500536,-117.84416065075936,Residential,Wood Frame,1327043,Very High
POL-01206,40.734318367807006,-123.74497946817732,Residential,Masonry,507244,Low_or_Unzoned
POL-01207,36.647834802803274,-118.9102175339562,Residential,Steel Frame,374800,Low_or_Unzoned
POL-01208,38.01084392935982,-121.31467503675121,Residential,Steel Frame,612032,Low_or_Unzoned
POL-01209,37.40863465964954,-120.37518969694527,Commercial,Wood Frame,564888,High
POL-01210,39.70837441069459,-122.6136622114689,Commercial,Steel Frame,656266,Low_or_Unzoned
POL-01211,35.18371262674209,-118.43024292886967,Commercial,Wood Frame,71496,Low_or_Unzoned
POL-01212,41.49133687492885,-123.62939689535794,Residential,Masonry,229742,Low_or_Unzoned
POL-01213,36.48475594259448,-120.9276585582618,Residential,Masonry,274804,Low_or_Unzoned
POL-01214,37.02518946636044,-119.93587944267706,Residential,Wood Frame,609682,High
POL-01215,35.64986464113834,-116.44404936132815,Residential,Wood Frame,627000,Low_or_Unzoned
POL-01216,40.62278691538938,-122.33818323695071,Residential,Wood Frame,898915,Low_or_Unzoned
POL-01217,33.155572129821756,-114.59644357821877,Residential,Masonry,664018,Low_or_Unzoned
POL-01218,36.38941468226167,-120.73870006694773,Commercial,Wood Frame,190882,Low_or_Unzoned
POL-01219,40.20334651957523,-122.93130642123539,Residential,Masonry,1719602,Low_or_Unzoned
POL-01220,35.655814814598244,-119.663883217706,Residential,Wood Frame,1494847,Low_or_Unzoned
POL-01221,38.71918152522657,-120.47254239442343,Residential,Wood Frame,197489,Low_or_Unzoned
POL-01222,36.539667761658094,-121.13937457607238,Residential,Steel Frame,705148,Low_or_Unzoned
POL-01223,39.77269412990068,-122.40449803309264,Commercial,Masonry,335595,Low_or_Unzoned
POL-01224,36.45737537058177,-117.74461788676751,Residential,Steel Frame,603856,Low_or_Unzoned
POL-01225,37.46384672031309,-121.74364194992675,Commercial,Wood Frame,1255002,Low_or_Unzoned
POL-01226,41.74424254823716,-122.07471723945534,Residential,Wood Frame,2970032,Low_or_Unzoned
POL-01227,34.64819064687188,-116.07990349522068,Residential,Wood Frame,985616,Low_or_Unzoned
POL-01228,35.38745386642276,-119.42780442547033,Commercial,Wood Frame,684160,Low_or_Unzoned
POL-01229,34.688958290114826,-120.1312579607088,Residential,Wood Frame,411738,Low_or_Unzoned
POL-01230,39.42877554383597,-122.39407107432527,Residential,Masonry,625125,Low_or_Unzoned
POL-01231,41.68503224809321,-122.23872753002661,Residential,Wood Frame,1603689,Low_or_Unzoned
POL-01232,38.79894832213251,-122.68604815804858,Residential,Wood Frame,521379,Low_or_Unzoned
POL-01233,39.54801510610779,-120.51666121885604,Commercial,Wood Frame,265962,Low_or_Unzoned
POL-01234,36.514977371629286,-118.03884767339997,Commercial,Wood Frame,147893,Low_or_Unzoned
POL-01235,35.377843603584076,-120.17456123957123,Commercial,Masonry,814588,Low_or_Unzoned
POL-01236,40.259404931803545,-122.29210013203046,Residential,Wood Frame,658572,Low_or_Unzoned
POL-01237,34.225332693687726,-118.55816964643154,Residential,Wood Frame,322311,Very High
POL-01238,36.02393957749877,-118.03669745647161,Residential,Wood Frame,1227894,Low_or_Unzoned
POL-01239,41.06843186911692,-124.08464618109257,Commercial,Steel Frame,385608,Low_or_Unzoned
POL-01240,40.163588437100024,-120.2680930419751,Commercial,Steel Frame,485184,Low_or_Unzoned
POL-01241,36.235354409765264,-117.79953102357918,Residential,Masonry,533208,Low_or_Unzoned
POL-01242,38.11105942294906,-121.13408614421029,Residential,Wood Frame,408087,Low_or_Unzoned
POL-01243,39.91600131554279,-121.16877866925289,Residential,Wood Frame,652581,Low_or_Unzoned
POL-01244,35.02059830677693,-115.97433870489658,Residential,Masonry,1357577,Low_or_Unzoned
POL-01245,35.31731916595634,-117.43341425396889,Residential,Steel Frame,216644,Low_or_Unzoned
POL-01246,33.473901658631505,-116.48540342402855,Residential,Steel Frame,798760,Low_or_Unzoned
POL-01247,37.33446027811503,-122.09895711046167,Residential,Masonry,620156,Low_or_Unzoned
POL-01248,41.36278619441188,-124.28872192054273,Commercial,Wood Frame,611097,Low_or_Unzoned
POL-01249,39.098656558906214,-120.72183854331605,Commercial,Steel Frame,1085417,Low_or_Unzoned
POL-01250,35.103680098750814,-117.12238944740189,Commercial,Masonry,562101,Low_or_Unzoned
POL-01251,34.354785728086675,-118.92093049101561,Residential,Masonry,793479,Very High
POL-01252,35.780748546326436,-120.30294471476851,Residential,Wood Frame,958084,Low_or_Unzoned
POL-01253,40.637103625605306,-121.36942125909617,Residential,Wood Frame,360954,Low_or_Unzoned
POL-01254,39.161113685107466,-123.1721254232625,Residential,Wood Frame,686489,Low_or_Unzoned
POL-01255,37.839691546824426,-120.6970931706614,Residential,Wood Frame,442134,High
POL-01256,37.214458152382434,-119.55642759665807,Commercial,Wood Frame,485946,High
POL-01257,34.04883570085011,-118.18229060948512,Residential,Masonry,417629,Very High
POL-01258,39.96895369648005,-123.86282777601784,Commercial,Wood Frame,787693,Low_or_Unzoned
POL-01259,39.47721735471812,-120.15990417135248,Commercial,Wood Frame,576837,Low_or_Unzoned
POL-01260,36.15137286597928,-118.76054313353146,Commercial,Wood Frame,740910,Low_or_Unzoned
POL-01261,32.6084708428137,-115.80678797727421,Commercial,Wood Frame,532845,Low_or_Unzoned
POL-01262,41.71744254239754,-124.09246404797608,Residential,Steel Frame,149747,Low_or_Unzoned
POL-01263,34.73224734746155,-118.86562115273037,Commercial,Wood Frame,554096,Very High
POL-01264,41.68683511493339,-121.31631396552342,Residential,Wood Frame,568541,Low_or_Unzoned
POL-01265,37.295558183893014,-119.55758755318266,Commercial,Steel Frame,656105,High
POL-01266,39.32531249956423,-122.84759837482594,Residential,Masonry,336050,Low_or_Unzoned
POL-01267,40.6950844759172,-124.17378463243321,Residential,Wood Frame,207653,Low_or_Unzoned
POL-01268,34.202928313124005,-114.55751955566457,Residential,Masonry,890630,Low_or_Unzoned
POL-01269,40.100033076754976,-121.97251785053318,Residential,Masonry,434136,Low_or_Unzoned
POL-01270,37.75071721932618,-121.98053651090187,Residential,Masonry,619702,Low_or_Unzoned
POL-01271,33.75129277150139,-114.75066860459033,Residential,Wood Frame,431417,Low_or_Unzoned
POL-01272,33.9940954777073,-117.49611300018378,Commercial,Steel Frame,537750,Low_or_Unzoned
POL-01273,40.068473273318034,-122.53888845357314,Residential,Wood Frame,377215,Low_or_Unzoned
POL-01274,34.87944503852874,-115.77191904655561,Residential,Wood Frame,249080,Low_or_Unzoned
POL-01275,37.931586839865616,-120.81825173969996,Residential,Wood Frame,789365,High
POL-01276,40.411888579488576,-120.54348840837076,Residential,Wood Frame,333535,Low_or_Unzoned
POL-01277,38.90318923105853,-121.96693447160071,Residential,Steel Frame,616097,Low_or_Unzoned
POL-01278,37.71415731823488,-121.86992905912749,Commercial,Wood Frame,750404,Low_or_Unzoned
POL-01279,35.232510925914944,-116.03798865339887,Residential,Wood Frame,337915,Low_or_Unzoned
POL-01280,39.460640980607664,-121.96582810970625,Residential,Wood Frame,206259,Low_or_Unzoned
POL-01281,35.21470408363071,-118.71774928070465,Residential,Wood Frame,3763532,Low_or_Unzoned
POL-01282,35.65833349291277,-116.17704399410802,Residential,Steel Frame,354258,Low_or_Unzoned
POL-01283,36.05224994662173,-119.31991332545,Residential,Wood Frame,889783,Low_or_Unzoned
POL-01284,41.472261535595884,-124.0792745933432,Commercial,Masonry,2549915,Low_or_Unzoned
POL-01285,38.87905191233847,-120.47344821296205,Residential,Masonry,1016551,Low_or_Unzoned
POL-01286,38.50668045955758,-122.9016037538729,Residential,Masonry,424915,Low_or_Unzoned
POL-01287,34.39042532011465,-117.4995570183372,Residential,Masonry,512116,Low_or_Unzoned
POL-01288,36.47417170897166,-121.51497296449767,Residential,Wood Frame,277593,Low_or_Unzoned
POL-01289,33.46304252675501,-118.3389369676318,Commercial,Masonry,1094006,Low_or_Unzoned
POL-01290,35.13960137285227,-119.81983688051987,Residential,Masonry,850021,Low_or_Unzoned
POL-01291,35.12503153042561,-115.72075453677705,Residential,Masonry,358061,Low_or_Unzoned
POL-01292,36.604179812147805,-121.71784585366785,Commercial,Steel Frame,234746,Low_or_Unzoned
POL-01293,34.203964479115996,-116.2682955696913,Residential,Masonry,187777,Low_or_Unzoned
POL-01294,41.72142718139257,-120.3545235297783,Commercial,Masonry,1189699,Low_or_Unzoned
POL-01295,33.57638329491091,-117.71650708698574,Residential,Steel Frame,594989,Low_or_Unzoned
POL-01296,39.19326706626073,-120.47788253257946,Residential,Wood Frame,641771,Low_or_Unzoned
POL-01297,35.010624500007076,-119.38563328460243,Commercial,Wood Frame,279747,Low_or_Unzoned
POL-01298,34.450662917714595,-115.27834908881036,Commercial,Wood Frame,167576,Low_or_Unzoned
POL-01299,37.08887712680946,-118.9638209255179,Residential,Wood Frame,1167167,Low_or_Unzoned
POL-01300,35.23088581652387,-119.42013258588064,Commercial,Masonry,558847,Low_or_Unzoned
POL-01301,41.701104651148974,-123.24265872074442,Residential,Masonry,1116587,Low_or_Unzoned
POL-01302,33.21804433161363,-115.0540688615907,Residential,Masonry,396826,Low_or_Unzoned
POL-01303,38.66079579112754,-123.1243465041701,Residential,Steel Frame,447103,Low_or_Unzoned
POL-01304,35.04031926464664,-118.18994945252628,Residential,Wood Frame,956119,Low_or_Unzoned
POL-01305,38.922249736499204,-122.57930927739811,Commercial,Masonry,970802,Low_or_Unzoned
POL-01306,39.21298376384774,-120.66700054972769,Residential,Wood Frame,1022797,Low_or_Unzoned
POL-01307,38.29507046225511,-119.95940974947672,Residential,Wood Frame,426701,Low_or_Unzoned
POL-01308,35.47262024502966,-117.95668954241204,Commercial,Wood Frame,883492,Low_or_Unzoned
POL-01309,38.17784868567568,-119.21123650700683,Residential,Masonry,1312283,Low_or_Unzoned
POL-01310,40.72790851931107,-122.58243613234244,Residential,Wood Frame,496919,Low_or_Unzoned
POL-01311,33.5061051418357,-117.80725157125758,Residential,Masonry,358329,Low_or_Unzoned
POL-01312,33.97087181967834,-118.65455280619503,Residential,Wood Frame,1581996,Low_or_Unzoned
POL-01313,39.49708466918053,-120.97610293547054,Commercial,Wood Frame,320117,Low_or_Unzoned
POL-01314,38.08206577553932,-119.41606276761273,Residential,Wood Frame,894107,Low_or_Unzoned
POL-01315,36.37744106323363,-117.63306067508739,Residential,Wood Frame,515690,Low_or_Unzoned
POL-01316,38.0377975396405,-121.24660527409056,Commercial,Steel Frame,123840,Low_or_Unzoned
POL-01317,36.29083551760313,-117.2625671271287,Residential,Wood Frame,1332910,Low_or_Unzoned
POL-01318,40.478115263312056,-123.16542255540723,Residential,Steel Frame,59499,Low_or_Unzoned
POL-01319,39.6096513219242,-122.38530942066419,Commercial,Steel Frame,110491,Low_or_Unzoned
POL-01320,36.62319924073321,-118.05928061151721,Residential,Steel Frame,823949,Low_or_Unzoned
POL-01321,38.326271006430105,-120.13290662987615,Residential,Wood Frame,823778,Low_or_Unzoned
POL-01322,39.283500872092205,-120.21557515317042,Residential,Steel Frame,324466,Low_or_Unzoned
POL-01323,34.393068196434605,-119.07026172600234,Residential,Wood Frame,608199,Low_or_Unzoned
POL-01324,34.8595744735131,-117.22798559918539,Residential,Wood Frame,71314,Low_or_Unzoned
POL-01325,34.536861588435066,-118.49507601418098,Residential,Wood Frame,951295,Very High
POL-01326,39.46096801046857,-120.1947502392117,Commercial,Steel Frame,659858,Low_or_Unzoned
POL-01327,38.26395138481565,-119.4390533638049,Residential,Wood Frame,520989,Low_or_Unzoned
POL-01328,41.53916174667948,-121.09268018372606,Residential,Wood Frame,549450,Low_or_Unzoned
POL-01329,40.148358025708795,-121.53199271431782,Commercial,Wood Frame,801791,Low_or_Unzoned
POL-01330,34.40267916974245,-119.39235493501032,Residential,Wood Frame,528014,Low_or_Unzoned
POL-01331,41.247282780401896,-123.10797218641294,Commercial,Wood Frame,120662,Low_or_Unzoned
POL-01332,37.61415346092928,-121.71942862132765,Residential,Masonry,3131634,Low_or_Unzoned
POL-01333,36.0002647392075,-116.94042483662047,Residential,Wood Frame,1412173,Low_or_Unzoned
POL-01334,38.83139895150494,-122.19987868287123,Commercial,Steel Frame,193308,Low_or_Unzoned
POL-01335,36.81628151914272,-118.01296145681249,Residential,Masonry,409990,Low_or_Unzoned
POL-01336,36.70418239074009,-121.66133979979637,Commercial,Steel Frame,447384,Low_or_Unzoned
POL-01337,40.33506075479657,-121.19844188898024,Residential,Wood Frame,1280907,Low_or_Unzoned
POL-01338,35.277639548915836,-118.39982984036828,Residential,Masonry,96046,Low_or_Unzoned
POL-01339,35.35993773942597,-117.89319847341294,Residential,Wood Frame,362504,Low_or_Unzoned
POL-01340,33.03367273480067,-117.03322092133949,Residential,Wood Frame,132123,Low_or_Unzoned
POL-01341,39.76218691671729,-121.74463114218975,Commercial,Masonry,430164,Low_or_Unzoned
POL-01342,34.97224768085968,-115.18826883557593,Residential,Masonry,370274,Low_or_Unzoned
POL-01343,34.02439483557665,-116.6278796587728,Commercial,Masonry,575937,Low_or_Unzoned
POL-01344,34.26364369656181,-119.50140462741385,Residential,Masonry,333067,Low_or_Unzoned
POL-01345,40.23419401311604,-122.28945087137356,Residential,Wood Frame,296315,Low_or_Unzoned
POL-01346,35.24728073981152,-120.19961026374365,Residential,Masonry,887110,Low_or_Unzoned
POL-01347,35.443165315563455,-116.30911775078287,Residential,Wood Frame,777421,Low_or_Unzoned
POL-01348,34.8745909907774,-116.40213943945076,Residential,Wood Frame,839967,Low_or_Unzoned
POL-01349,37.39255376724237,-122.10494603202496,Residential,Masonry,469057,Low_or_Unzoned
POL-01350,35.89041676412555,-118.27803408096932,Residential,Steel Frame,342014,Low_or_Unzoned
POL-01351,35.86099700799614,-120.51079494489885,Commercial,Wood Frame,491352,Low_or_Unzoned
POL-01352,35.424060400967086,-118.62114941561926,Commercial,Wood Frame,806879,Low_or_Unzoned
POL-01353,37.30352445750861,-118.81151664061935,Residential,Wood Frame,94710,Low_or_Unzoned
POL-01354,41.4406477190699,-123.12366145210062,Residential,Wood Frame,740654,Low_or_Unzoned
POL-01355,33.4743956445441,-114.70933822703782,Residential,Masonry,691978,Low_or_Unzoned
POL-01356,37.75702630262283,-120.62531380968268,Residential,Masonry,567911,High
POL-01357,34.34169914540048,-119.05680392035282,Residential,Masonry,479524,Low_or_Unzoned
POL-01358,40.65875932609747,-123.31760309183318,Residential,Masonry,69362,Low_or_Unzoned
POL-01359,40.46012956109213,-122.57241391277097,Commercial,Wood Frame,380072,Low_or_Unzoned
POL-01360,40.65826065381999,-121.84595847051278,Residential,Wood Frame,2261527,Low_or_Unzoned
POL-01361,39.60938060982453,-120.23031646770781,Residential,Wood Frame,545970,Low_or_Unzoned
POL-01362,36.67250071187232,-120.47677308012918,Residential,Masonry,422594,High
POL-01363,38.89963146601163,-122.70693326996496,Commercial,Masonry,547722,Low_or_Unzoned
POL-01364,33.61673735142709,-118.07761540571686,Residential,Masonry,717708,Low_or_Unzoned
POL-01365,34.0702026563581,-118.55965328121297,Commercial,Wood Frame,915344,Very High
POL-01366,32.518925284581165,-116.9956256779863,Commercial,Wood Frame,449951,Low_or_Unzoned
POL-01367,34.074607681169596,-115.1016056859537,Commercial,Steel Frame,759135,Low_or_Unzoned
POL-01368,34.79459999616598,-115.47708801376,Commercial,Wood Frame,2066404,Low_or_Unzoned
POL-01369,33.500782102572664,-114.55200602037218,Residential,Masonry,1208633,Low_or_Unzoned
POL-01370,34.61243239510762,-120.05474071281675,Residential,Wood Frame,3513910,Low_or_Unzoned
POL-01371,38.2736504894087,-119.85486572214397,Residential,Wood Frame,319522,Low_or_Unzoned
POL-01372,36.21481225671029,-120.94518271191096,Residential,Masonry,2065641,Low_or_Unzoned
POL-01373,34.72493202380017,-119.52893319726249,Residential,Wood Frame,287064,Low_or_Unzoned
POL-01374,34.58576227068312,-118.06171121219727,Residential,Masonry,717015,Very High
POL-01375,37.79034521013491,-119.9424868809791,Residential,Masonry,970902,High
POL-01376,39.17038791372738,-121.51262442270433,Commercial,Wood Frame,359107,Low_or_Unzoned
POL-01377,40.77000617955915,-122.78952212798737,Residential,Masonry,579761,Low_or_Unzoned
POL-01378,33.596249100699715,-114.89942535200193,Residential,Wood Frame,1119473,Low_or_Unzoned
POL-01379,38.25355994857241,-121.71450656459645,Commercial,Wood Frame,306135,Low_or_Unzoned
POL-01380,33.61343710396222,-115.00849281550616,Residential,Masonry,2054425,Low_or_Unzoned
POL-01381,33.85699866573615,-118.70045085871722,Commercial,Wood Frame,178496,Low_or_Unzoned
POL-01382,36.222664045286244,-116.93608126631187,Commercial,Wood Frame,2550380,Low_or_Unzoned
POL-01383,36.483080781077206,-117.46548834597822,Residential,Steel Frame,1203880,Low_or_Unzoned
POL-01384,37.82644380192002,-120.44451784935956,Residential,Wood Frame,502936,High
POL-01385,38.470051337838576,-119.40898323298092,Residential,Masonry,391548,Low_or_Unzoned
POL-01386,39.04200047842482,-120.77255128395362,Commercial,Masonry,360186,Low_or_Unzoned
POL-01387,40.51159859398489,-121.33471004268799,Residential,Wood Frame,484737,Low_or_Unzoned
POL-01388,35.66946976045023,-116.53695989830587,Residential,Wood Frame,519802,Low_or_Unzoned
POL-01389,36.78729407377792,-118.51171866782171,Commercial,Wood Frame,1475018,Low_or_Unzoned
POL-01390,40.622253185834005,-123.02476039714706,Residential,Wood Frame,2610163,Low_or_Unzoned
POL-01391,36.18434785421085,-118.77874229669136,Commercial,Masonry,633809,Low_or_Unzoned
POL-01392,40.133607764894734,-121.52317450215514,Commercial,Masonry,274717,Low_or_Unzoned
POL-01393,34.43299105372716,-115.65412687822646,Commercial,Wood Frame,349206,Low_or_Unzoned
POL-01394,33.13624931424008,-116.91507816985562,Commercial,Masonry,466739,Low_or_Unzoned
POL-01395,40.83482930476197,-123.68106440270121,Residential,Steel Frame,237020,Low_or_Unzoned
POL-01396,37.64672916054185,-119.32579586841797,Commercial,Wood Frame,210417,Low_or_Unzoned
POL-01397,41.69662521448221,-122.81250983349464,Residential,Masonry,2892702,Low_or_Unzoned
POL-01398,38.65902107079491,-122.8355375427122,Residential,Masonry,688376,Low_or_Unzoned
POL-01399,36.066954820431754,-120.67672890316419,Residential,Wood Frame,277477,Low_or_Unzoned
POL-01400,37.81106320699272,-121.615597155525,Commercial,Wood Frame,1038494,Low_or_Unzoned
POL-01401,39.23327372467696,-121.31554922631283,Commercial,Masonry,210517,Low_or_Unzoned
POL-01402,37.709982048438846,-121.91700272677865,Commercial,Wood Frame,224850,Low_or_Unzoned
POL-01403,39.92861978300061,-123.78589256449959,Residential,Wood Frame,284237,Low_or_Unzoned
POL-01404,39.64159642776048,-122.46521413475477,Commercial,Masonry,2030130,Low_or_Unzoned
POL-01405,40.12851968359945,-122.24706938902507,Commercial,Masonry,441395,Low_or_Unzoned
POL-01406,38.39450095799372,-122.23993988473998,Residential,Wood Frame,76621,Low_or_Unzoned
POL-01407,34.11386955748198,-114.6070527278588,Residential,Wood Frame,1422679,Low_or_Unzoned
POL-01408,34.35226439905275,-119.05582376310647,Residential,Wood Frame,422901,Low_or_Unzoned
POL-01409,40.95889041358362,-120.80075671580363,Residential,Wood Frame,123065,Low_or_Unzoned
POL-01410,39.62478908529467,-122.04239336231626,Residential,Wood Frame,419430,Low_or_Unzoned
POL-01411,41.12817064265307,-123.97729948400804,Residential,Wood Frame,819789,Low_or_Unzoned
POL-01412,39.707795551057245,-121.6807491999263,Residential,Wood Frame,746566,Low_or_Unzoned
POL-01413,37.99866416786344,-120.33908874383714,Residential,Wood Frame,2277825,High
POL-01414,37.002251591102976,-119.11794973279578,Residential,Wood Frame,273152,Low_or_Unzoned
POL-01415,39.30577256360194,-121.68836969665676,Residential,Wood Frame,560943,Low_or_Unzoned
POL-01416,35.07395563400547,-119.723016843159,Commercial,Wood Frame,308767,Low_or_Unzoned
POL-01417,34.42141471498308,-119.55675753136657,Residential,Wood Frame,157352,Low_or_Unzoned
POL-01418,35.48135467813195,-117.0802535216362,Residential,Steel Frame,1097364,Low_or_Unzoned
POL-01419,37.31706664401782,-118.78315601243374,Residential,Wood Frame,782786,Low_or_Unzoned
POL-01420,33.231230859118305,-116.5151216341013,Residential,Masonry,678027,Low_or_Unzoned
POL-01421,40.30739399256091,-122.43038659235165,Commercial,Steel Frame,760272,Low_or_Unzoned
POL-01422,35.08348737447526,-119.73461108002743,Residential,Wood Frame,312269,Low_or_Unzoned
POL-01423,35.00858885459033,-115.5791981626842,Residential,Masonry,241697,Low_or_Unzoned
POL-01424,38.545555674567055,-120.58132262439617,Commercial,Wood Frame,556887,Low_or_Unzoned
POL-01425,35.582862101665754,-119.32090132322715,Residential,Wood Frame,1368148,Low_or_Unzoned
POL-01426,35.06036269177659,-118.41913705763199,Residential,Wood Frame,1956096,Low_or_Unzoned
POL-01427,34.57779832348031,-117.42103703728905,Residential,Wood Frame,1021054,Low_or_Unzoned
POL-01428,40.241927421135124,-123.22991304649582,Residential,Wood Frame,553125,Low_or_Unzoned
POL-01429,39.89123980987421,-123.67367441044831,Commercial,Wood Frame,670532,Low_or_Unzoned
POL-01430,39.14001387063016,-123.56316723539899,Residential,Masonry,545400,Low_or_Unzoned
POL-01431,35.999298531046335,-119.9746778401038,Commercial,Steel Frame,237814,Low_or_Unzoned
POL-01432,34.96597626811297,-118.60792276943067,Commercial,Wood Frame,551125,Very High
POL-01433,32.81992583680741,-117.28191296012089,Residential,Wood Frame,185746,Low_or_Unzoned
POL-01434,40.85226483971185,-121.08310805283261,Residential,Wood Frame,489303,Low_or_Unzoned
POL-01435,38.835050217403754,-120.05001405567747,Residential,Wood Frame,2000452,Low_or_Unzoned
POL-01436,35.56875978466389,-117.67642882212296,Residential,Masonry,1043704,Low_or_Unzoned
POL-01437,41.03023227609783,-124.24067837429583,Residential,Wood Frame,258203,Low_or_Unzoned
POL-01438,35.5902608744366,-118.86592900469948,Residential,Wood Frame,509944,Low_or_Unzoned
POL-01439,41.05912850905945,-121.57871953577737,Residential,Masonry,277201,Low_or_Unzoned
POL-01440,41.9634978982384,-123.85311615442907,Commercial,Masonry,514005,Low_or_Unzoned
POL-01441,40.34144880917751,-122.79376663751836,Residential,Wood Frame,1242810,Low_or_Unzoned
POL-01442,34.865582993036355,-117.29674564867314,Residential,Wood Frame,911098,Low_or_Unzoned
POL-01443,37.97867278914868,-121.87603192281266,Commercial,Wood Frame,3942459,Low_or_Unzoned
POL-01444,33.40172039980586,-117.24853921994031,Residential,Wood Frame,1402801,Low_or_Unzoned
POL-01445,35.60307286954615,-120.25254499318854,Residential,Wood Frame,636156,Low_or_Unzoned
POL-01446,39.607747164464044,-120.68207978350434,Residential,Wood Frame,928866,Low_or_Unzoned
POL-01447,40.16331800375475,-122.22345010274437,Residential,Steel Frame,459569,Low_or_Unzoned
POL-01448,36.40631942094856,-120.04605691466725,Residential,Wood Frame,219256,Low_or_Unzoned
POL-01449,37.878716566638175,-118.79423855191823,Residential,Wood Frame,1535891,Low_or_Unzoned
POL-01450,38.716249052180835,-122.59101111049702,Residential,Wood Frame,1211286,Low_or_Unzoned
POL-01451,32.63662373768481,-117.00174902028839,Commercial,Wood Frame,445590,Low_or_Unzoned
POL-01452,39.76135717114606,-122.43954004227751,Residential,Masonry,672763,Low_or_Unzoned
POL-01453,39.74187493275912,-120.40104731650699,Residential,Wood Frame,1458255,Low_or_Unzoned
POL-01454,38.385498900344885,-120.6390606646608,Residential,Wood Frame,1063505,Low_or_Unzoned
POL-01455,38.43383345708805,-121.24886599497012,Residential,Wood Frame,167630,Low_or_Unzoned
POL-01456,38.0190286089377,-121.49464477398006,Residential,Wood Frame,656643,Low_or_Unzoned
POL-01457,39.688936587151396,-122.46880410587465,Commercial,Wood Frame,472548,Low_or_Unzoned
POL-01458,38.17009283043372,-122.11089429216713,Residential,Wood Frame,1316385,Low_or_Unzoned
POL-01459,41.31772993208254,-121.56418495722612,Residential,Wood Frame,1232843,Low_or_Unzoned
POL-01460,41.3268254401469,-123.16221524719799,Residential,Wood Frame,1551738,Low_or_Unzoned
POL-01461,35.74810014200216,-117.78773972659569,Residential,Wood Frame,220948,Low_or_Unzoned
POL-01462,41.82062012474539,-120.93356348494486,Residential,Masonry,288575,Low_or_Unzoned
POL-01463,39.29345153219515,-121.81177768285411,Residential,Masonry,1317525,Low_or_Unzoned
POL-01464,36.82026125425028,-118.86769097765968,Residential,Masonry,336611,Low_or_Unzoned
POL-01465,38.9104698705904,-119.90994489702713,Residential,Masonry,159987,Low_or_Unzoned
POL-01466,38.936550331895006,-121.68732738041687,Residential,Wood Frame,827427,Low_or_Unzoned
POL-01467,36.04466487501264,-118.15794752373525,Residential,Masonry,348789,Low_or_Unzoned
POL-01468,37.25341473904783,-118.11849092819405,Residential,Wood Frame,2262164,Low_or_Unzoned
POL-01469,39.063397777232815,-120.25058831954371,Commercial,Wood Frame,684844,Low_or_Unzoned
POL-01470,39.12279015597219,-122.13532544772988,Residential,Wood Frame,614280,Low_or_Unzoned
POL-01471,38.66207008930375,-121.80049106135132,Commercial,Wood Frame,402159,Low_or_Unzoned
POL-01472,35.11523802779267,-119.46572272942745,Residential,Steel Frame,1929300,Low_or_Unzoned
POL-01473,38.19337010332466,-120.63289758961506,Residential,Wood Frame,719882,Low_or_Unzoned
POL-01474,39.19882188292035,-120.47288761944324,Residential,Wood Frame,389726,Low_or_Unzoned
POL-01475,32.681876245969946,-115.91200614325939,Residential,Wood Frame,286282,Low_or_Unzoned
POL-01476,39.90147457075997,-124.09717945576514,Residential,Wood Frame,509518,Low_or_Unzoned
POL-01477,40.462472262392104,-120.31837253393417,Residential,Wood Frame,247182,Low_or_Unzoned
POL-01478,36.31792839896194,-119.80923498423037,Commercial,Wood Frame,1230710,Low_or_Unzoned
POL-01479,35.1316189810968,-119.88561356923636,Residential,Wood Frame,127175,Low_or_Unzoned
POL-01480,38.04031264063243,-120.26170970781848,Residential,Masonry,483298,Low_or_Unzoned
POL-01481,35.871784278331596,-120.08058644802813,Residential,Wood Frame,880378,Low_or_Unzoned
POL-01482,38.265046077631325,-120.32844142406799,Commercial,Wood Frame,710479,Low_or_Unzoned
POL-01483,40.869243553576744,-120.96309913480489,Commercial,Masonry,304423,Low_or_Unzoned
POL-01484,40.698469897909284,-123.73796462053053,Residential,Steel Frame,916398,Low_or_Unzoned
POL-01485,35.22193571480767,-118.79977961021154,Commercial,Wood Frame,265977,Low_or_Unzoned
POL-01486,41.97376004908423,-123.18656644671776,Residential,Wood Frame,530774,Low_or_Unzoned
POL-01487,41.7471348820658,-120.14252353710708,Residential,Steel Frame,910248,Low_or_Unzoned
POL-01488,36.91759041650106,-121.06710794732571,Residential,Wood Frame,782563,Low_or_Unzoned
POL-01489,33.092743651683634,-114.73028969427718,Commercial,Wood Frame,314886,Low_or_Unzoned
POL-01490,41.76575976805117,-124.26302987637504,Commercial,Wood Frame,1408443,Low_or_Unzoned
POL-01491,40.26125211908245,-123.31498948051599,Commercial,Steel Frame,579172,Low_or_Unzoned
POL-01492,33.174831445918024,-116.23675410649739,Residential,Steel Frame,979107,Low_or_Unzoned
POL-01493,36.956518504952,-119.18900316278054,Commercial,Masonry,1836332,Low_or_Unzoned
POL-01494,35.0513405908096,-118.6163389193216,Residential,Wood Frame,1321154,Low_or_Unzoned
POL-01495,33.45929201476873,-116.84954085367585,Residential,Wood Frame,1323914,Low_or_Unzoned
POL-01496,33.89911785374486,-118.06681438091663,Residential,Wood Frame,630421,Low_or_Unzoned
POL-01497,36.67753462182513,-121.7757837037852,Residential,Masonry,1019831,Low_or_Unzoned
POL-01498,40.083785373487274,-123.2476474435827,Residential,Steel Frame,641059,Low_or_Unzoned
POL-01499,35.34414205020081,-119.24792167701075,Residential,Wood Frame,205364,Low_or_Unzoned
POL-01500,34.70880692597439,-115.6753511192668,Commercial,Masonry,688447,Low_or_Unzoned
POL-01501,33.73195029313024,-117.13641990807197,Residential,Wood Frame,663370,Low_or_Unzoned
POL-01502,34.936399079659274,-116.21507365587851,Residential,Wood Frame,861976,Low_or_Unzoned
POL-01503,35.87553761050194,-120.81475594877604,Commercial,Masonry,487771,Low_or_Unzoned
POL-01504,38.902944977384436,-120.25113571269023,Residential,Wood Frame,293853,Low_or_Unzoned
POL-01505,40.18572458277092,-123.85722508949249,Residential,Wood Frame,913651,Low_or_Unzoned
POL-01506,33.895758274045825,-118.29538102531411,Residential,Wood Frame,188977,Low_or_Unzoned
POL-01507,40.71425975765233,-122.74828809802224,Residential,Masonry,1735932,Low_or_Unzoned
POL-01508,33.285999938372804,-116.31491734084871,Residential,Masonry,449039,Low_or_Unzoned
POL-01509,37.1031109532601,-121.8478469298104,Residential,Steel Frame,657646,Low_or_Unzoned
POL-01510,35.37298535714609,-115.78874004379425,Commercial,Masonry,844792,Low_or_Unzoned
POL-01511,37.302333223703705,-119.61902480146065,Residential,Wood Frame,866788,High
POL-01512,33.86874846712539,-117.87881867826029,Residential,Wood Frame,175047,Low_or_Unzoned
POL-01513,38.42798561252533,-119.77921148691875,Residential,Steel Frame,1044730,Low_or_Unzoned
POL-01514,37.13442602616812,-119.1670771319645,Residential,Wood Frame,688673,Low_or_Unzoned
POL-01515,35.411402946406795,-116.77703258916739,Residential,Masonry,325068,Low_or_Unzoned
POL-01516,36.47676911172413,-116.933528948031,Commercial,Masonry,296637,Low_or_Unzoned
POL-01517,36.855098529248664,-119.2467958582776,Commercial,Masonry,413642,Low_or_Unzoned
POL-01518,40.690928249752794,-124.10417740056195,Residential,Wood Frame,191186,Low_or_Unzoned
POL-01519,35.48181721886347,-120.64471893020226,Commercial,Wood Frame,2143207,Low_or_Unzoned
POL-01520,37.611215700957075,-118.80585025597867,Residential,Masonry,1774308,Low_or_Unzoned
POL-01521,40.4810267451724,-122.94494161441516,Residential,Masonry,775575,Low_or_Unzoned
POL-01522,40.95043345491575,-124.41227560619255,Residential,Masonry,451929,Low_or_Unzoned
POL-01523,34.354081913577176,-118.4016332865385,Residential,Wood Frame,461535,Very High
POL-01524,40.463189000277104,-120.35941796331802,Commercial,Wood Frame,990982,Low_or_Unzoned
POL-01525,40.66804941071064,-123.23832778327596,Residential,Masonry,2205051,Low_or_Unzoned
POL-01526,36.364645609041375,-118.8871772800616,Residential,Masonry,342382,Low_or_Unzoned
POL-01527,35.61821450394422,-117.4111361986336,Commercial,Masonry,221002,Low_or_Unzoned
POL-01528,36.81290415639714,-120.11679301908714,Commercial,Wood Frame,1863771,High
POL-01529,41.53872584379937,-122.48382936483654,Commercial,Steel Frame,129351,Low_or_Unzoned
POL-01530,34.1671704601229,-115.6800186559386,Residential,Wood Frame,241150,Low_or_Unzoned
POL-01531,38.78583896647729,-121.5487242028263,Residential,Masonry,443526,Low_or_Unzoned
POL-01532,33.84162366204492,-117.48579574861812,Residential,Wood Frame,155073,Low_or_Unzoned
POL-01533,37.92333545997502,-122.64483570114879,Residential,Wood Frame,1315489,Low_or_Unzoned
POL-01534,34.260068376141575,-118.40760041190902,Commercial,Masonry,1072522,Very High
POL-01535,34.23695890875376,-117.46233325153423,Commercial,Wood Frame,341179,Low_or_Unzoned
POL-01536,40.34425403982634,-122.52701231761662,Commercial,Wood Frame,1504078,Low_or_Unzoned
POL-01537,35.21422189277846,-117.93964831345339,Residential,Wood Frame,1722752,Low_or_Unzoned
POL-01538,41.30767592771227,-120.96727130591614,Commercial,Masonry,493591,Low_or_Unzoned
POL-01539,41.71430199077931,-122.2823132848265,Commercial,Wood Frame,376798,Low_or_Unzoned
POL-01540,37.92697446440243,-121.21158846761183,Residential,Wood Frame,3294225,Low_or_Unzoned
POL-01541,40.078456501808034,-120.32953769367015,Residential,Steel Frame,962153,Low_or_Unzoned
POL-01542,37.78945665381779,-121.1343702485318,Commercial,Wood Frame,663351,Low_or_Unzoned
POL-01543,34.594790502638645,-118.558437727624,Residential,Wood Frame,1608538,Very High
POL-01544,34.871855051032185,-119.10893778017889,Commercial,Wood Frame,688000,Low_or_Unzoned
POL-01545,35.000849791921105,-117.66863150585291,Residential,Steel Frame,360592,Low_or_Unzoned
POL-01546,32.50620721223235,-115.15828216799751,Commercial,Wood Frame,576152,Low_or_Unzoned
POL-01547,33.94446139053267,-118.16616757559139,Commercial,Masonry,1240373,Low_or_Unzoned
POL-01548,36.854074148581965,-121.08139810855037,Residential,Wood Frame,109781,Low_or_Unzoned
POL-01549,33.39087699944166,-117.49281278797085,Commercial,Masonry,429155,Low_or_Unzoned
POL-01550,41.24702667825504,-121.07046998964591,Residential,Masonry,1633843,Low_or_Unzoned
POL-01551,34.76239320982411,-119.77474548495807,Residential,Wood Frame,358794,Low_or_Unzoned
POL-01552,41.13012824285406,-121.00675311322696,Residential,Wood Frame,1861488,Low_or_Unzoned
POL-01553,36.946656015225756,-119.89786461565176,Residential,Masonry,1675789,High
POL-01554,36.92984442292828,-121.74172024625994,Commercial,Wood Frame,512766,Low_or_Unzoned
POL-01555,39.72546860332518,-122.7704636570987,Commercial,Steel Frame,342891,Low_or_Unzoned
POL-01556,33.967675938046796,-117.26399475170645,Residential,Wood Frame,429386,Low_or_Unzoned
POL-01557,37.12902086395048,-119.0970032791881,Residential,Masonry,4554797,Low_or_Unzoned
POL-01558,38.170651560193235,-121.14431102427002,Residential,Wood Frame,2420632,Low_or_Unzoned
POL-01559,39.80976449377945,-123.74159184313898,Residential,Masonry,597382,Low_or_Unzoned
POL-01560,40.36175399660345,-123.7309211568724,Commercial,Wood Frame,332194,Low_or_Unzoned
POL-01561,34.12172945146856,-115.97066800650175,Residential,Wood Frame,593405,Low_or_Unzoned
POL-01562,32.789405019935124,-116.5997030512739,Residential,Wood Frame,656751,Low_or_Unzoned
POL-01563,34.442259538410596,-116.5902142152678,Residential,Wood Frame,199848,Low_or_Unzoned
POL-01564,35.733909783085466,-116.9785838935017,Residential,Wood Frame,576097,Low_or_Unzoned
POL-01565,38.343726835141396,-119.49158488852916,Commercial,Wood Frame,1556458,Low_or_Unzoned
POL-01566,37.26211862394443,-117.97462356210376,Residential,Masonry,128093,Low_or_Unzoned
POL-01567,32.97730859331833,-116.33228409186279,Residential,Wood Frame,1046819,Low_or_Unzoned
POL-01568,37.73601963820553,-120.74611005151401,Commercial,Masonry,1623083,High
POL-01569,36.66269682585927,-121.58701928458972,Commercial,Wood Frame,345087,Low_or_Unzoned
POL-01570,34.02645605476253,-117.22558741438596,Commercial,Wood Frame,2095579,Low_or_Unzoned
POL-01571,32.73723079011197,-115.3548402014433,Commercial,Wood Frame,311056,Low_or_Unzoned
POL-01572,36.7658682953362,-120.9054921341596,Commercial,Steel Frame,769015,High
POL-01573,34.75604628914645,-116.41739077245136,Residential,Masonry,422769,Low_or_Unzoned
POL-01574,35.16997262658545,-118.43229064487045,Residential,Wood Frame,422693,Low_or_Unzoned
POL-01575,34.148212478372706,-116.63218877100444,Residential,Masonry,329773,Low_or_Unzoned
POL-01576,40.11373487411806,-123.72758478073446,Commercial,Wood Frame,944924,Low_or_Unzoned
POL-01577,34.750866586613164,-119.43455218325535,Residential,Wood Frame,1065595,Low_or_Unzoned
POL-01578,38.93523473394429,-123.51659674762152,Residential,Wood Frame,513221,Low_or_Unzoned
POL-01579,36.17956392076548,-121.22711512432548,Residential,Wood Frame,182047,Low_or_Unzoned
POL-01580,32.6819771127369,-115.70266550049206,Commercial,Wood Frame,746041,Low_or_Unzoned
POL-01581,40.355156329241154,-123.74024879371608,Residential,Masonry,757373,Low_or_Unzoned
POL-01582,39.86481849243202,-121.80505225609289,Residential,Wood Frame,454352,Low_or_Unzoned
POL-01583,34.72704320010939,-118.27366014856732,Residential,Masonry,2406743,Very High
POL-01584,32.78598678600753,-117.37971373386522,Commercial,Wood Frame,154640,Low_or_Unzoned
POL-01585,41.63417708345406,-120.14848696909611,Residential,Wood Frame,91690,Low_or_Unzoned
POL-01586,41.36544833371341,-120.88821381867811,Residential,Masonry,301140,Low_or_Unzoned
POL-01587,35.51672215244709,-117.73044023749091,Residential,Masonry,953924,Low_or_Unzoned
POL-01588,40.55703773264848,-120.76945874619716,Residential,Steel Frame,232193,Low_or_Unzoned
POL-01589,41.498033897552354,-123.983811293872,Residential,Wood Frame,246526,Low_or_Unzoned
POL-01590,40.90612361811204,-124.17390280163086,Residential,Masonry,1156393,Low_or_Unzoned
POL-01591,35.13591445738707,-116.49865642908996,Residential,Masonry,782335,Low_or_Unzoned
POL-01592,35.175352400003504,-118.85751850033952,Commercial,Wood Frame,730619,Low_or_Unzoned
POL-01593,39.302474745800374,-120.64910319752762,Residential,Wood Frame,1009679,Low_or_Unzoned
POL-01594,39.20933854427499,-122.01076089267113,Residential,Wood Frame,384556,Low_or_Unzoned
POL-01595,38.415550639023074,-119.80363383435022,Commercial,Wood Frame,399038,Low_or_Unzoned
POL-01596,41.90603403782522,-123.74004787146171,Commercial,Wood Frame,1032840,Low_or_Unzoned
POL-01597,33.249924327992275,-114.81576835742236,Residential,Steel Frame,184257,Low_or_Unzoned
POL-01598,36.706582297165504,-120.02812187211484,Residential,Wood Frame,97326,High
POL-01599,35.762173670687616,-118.68238697366779,Commercial,Masonry,382075,Low_or_Unzoned
POL-01600,41.38710287851121,-124.44383561871066,Commercial,Masonry,1137904,Low_or_Unzoned
POL-01601,34.26446418404927,-116.64349253510055,Residential,Wood Frame,662945,Low_or_Unzoned
POL-01602,41.32199034009624,-123.03293404672098,Residential,Wood Frame,1072854,Low_or_Unzoned
POL-01603,34.04651439745918,-114.69637148560417,Residential,Wood Frame,107684,Low_or_Unzoned
POL-01604,33.929486574556975,-118.96170713092181,Residential,Masonry,695507,Low_or_Unzoned
POL-01605,41.69672562378197,-123.01817575785712,Residential,Steel Frame,911723,Low_or_Unzoned
POL-01606,36.97412239812997,-117.8445769032791,Residential,Wood Frame,183388,Low_or_Unzoned
POL-01607,39.636182801063406,-122.30915491183647,Residential,Masonry,1076952,Low_or_Unzoned
POL-01608,40.26537454940804,-122.77871692999138,Residential,Wood Frame,494244,Low_or_Unzoned
POL-01609,34.518249133356996,-118.20597930870997,Residential,Masonry,6306360,Very High
POL-01610,38.8034741421778,-122.70162918800449,Residential,Wood Frame,94675,Low_or_Unzoned
POL-01611,36.32285946334346,-121.32227642331344,Residential,Wood Frame,1615720,Low_or_Unzoned
POL-01612,41.00784705725247,-122.83802796765657,Residential,Wood Frame,394223,Low_or_Unzoned
POL-01613,39.06503022102299,-120.03375678916517,Commercial,Wood Frame,148194,Low_or_Unzoned
POL-01614,34.310793414207275,-116.64205988100409,Residential,Wood Frame,354490,Low_or_Unzoned
POL-01615,40.39401712502315,-122.43736619016074,Commercial,Masonry,674672,Low_or_Unzoned
POL-01616,33.638965387990766,-118.0546175774189,Residential,Wood Frame,1239195,Low_or_Unzoned
POL-01617,39.4817955502515,-123.57896476194037,Residential,Masonry,2142687,Low_or_Unzoned
POL-01618,37.5488216847984,-120.38886045418289,Residential,Wood Frame,1685401,High
POL-01619,35.23548075542193,-117.01012184023664,Commercial,Masonry,249619,Low_or_Unzoned
POL-01620,35.34944966288172,-117.94064297123062,Residential,Masonry,1334586,Low_or_Unzoned
POL-01621,38.162778574763905,-121.53332093154434,Residential,Masonry,738981,Low_or_Unzoned
POL-01622,36.62151726712482,-120.53073803093878,Residential,Wood Frame,320077,High
POL-01623,33.60753920827912,-116.9502603854472,Commercial,Wood Frame,456101,Low_or_Unzoned
POL-01624,37.69360897968524,-119.20916763369164,Commercial,Masonry,306240,Low_or_Unzoned
POL-01625,39.46350101861492,-121.0933985993318,Residential,Wood Frame,556639,Low_or_Unzoned
POL-01626,38.757282871927785,-120.9907389587688,Residential,Wood Frame,301424,Low_or_Unzoned
POL-01627,41.34977168594007,-124.22970469765423,Residential,Wood Frame,237424,Low_or_Unzoned
POL-01628,40.29931966434184,-120.91899733527845,Residential,Masonry,792775,Low_or_Unzoned
POL-01629,36.29542845357588,-119.71723220019818,Residential,Masonry,893574,Low_or_Unzoned
POL-01630,32.60270529453437,-115.26835445535349,Commercial,Masonry,465060,Low_or_Unzoned
POL-01631,40.35223520481891,-124.36339275902834,Commercial,Wood Frame,1613830,Low_or_Unzoned
POL-01632,37.98014512076065,-120.90968781746537,Residential,Wood Frame,438737,High
POL-01633,34.53961093090188,-118.73620849275696,Residential,Steel Frame,424123,Very High
POL-01634,38.15105010526814,-119.99668197082279,Residential,Wood Frame,916567,Low_or_Unzoned
POL-01635,32.80821273744828,-116.86512243273977,Residential,Wood Frame,486046,Low_or_Unzoned
POL-01636,37.895755824502764,-121.73352882021459,Residential,Wood Frame,578294,Low_or_Unzoned
POL-01637,41.4139994221875,-123.20795270230158,Residential,Wood Frame,71944,Low_or_Unzoned
POL-01638,41.8438884618798,-121.1902242575385,Residential,Wood Frame,547635,Low_or_Unzoned
POL-01639,41.712374511580784,-123.37659175766646,Residential,Wood Frame,125272,Low_or_Unzoned
POL-01640,39.07410693149322,-122.15755480632376,Commercial,Wood Frame,203463,Low_or_Unzoned
POL-01641,38.33271791008971,-119.96916474159976,Residential,Wood Frame,185672,Low_or_Unzoned
POL-01642,37.98750166627202,-119.08256827548306,Residential,Masonry,234669,Low_or_Unzoned
POL-01643,37.03482878216281,-118.54853589739011,Residential,Wood Frame,348333,Low_or_Unzoned
POL-01644,35.832781538682646,-120.77854808413244,Residential,Wood Frame,366152,Low_or_Unzoned
POL-01645,35.9443180673114,-120.49795773863528,Commercial,Masonry,919348,Low_or_Unzoned
POL-01646,40.15428799384807,-120.17555102698279,Commercial,Steel Frame,645583,Low_or_Unzoned
POL-01647,35.61770508657732,-116.86041711758308,Residential,Wood Frame,118082,Low_or_Unzoned
POL-01648,34.486064050215035,-119.7577905470522,Commercial,Masonry,577599,Low_or_Unzoned
POL-01649,33.30453924781541,-115.50433556168808,Residential,Wood Frame,697044,Low_or_Unzoned
POL-01650,37.080254939738495,-120.9725653895212,Commercial,Wood Frame,415462,High
POL-01651,40.179854519490064,-120.15860944954332,Residential,Wood Frame,514675,Low_or_Unzoned
POL-01652,40.32442430211525,-122.33487148303132,Residential,Wood Frame,629227,Low_or_Unzoned
POL-01653,35.381215963068186,-119.71556137369254,Residential,Masonry,996176,Low_or_Unzoned
POL-01654,33.62711577454501,-117.23542896431114,Commercial,Wood Frame,153291,Low_or_Unzoned
POL-01655,41.37061951851396,-120.47777161787168,Residential,Wood Frame,444429,Low_or_Unzoned
POL-01656,37.54993545052395,-118.53264891368178,Commercial,Masonry,1806079,Low_or_Unzoned
POL-01657,36.373606997525954,-119.62076058132577,Residential,Wood Frame,1678362,Low_or_Unzoned
POL-01658,34.031578713763665,-115.88227367143483,Commercial,Masonry,1067414,Low_or_Unzoned
POL-01659,37.840793705112986,-119.31287745870729,Residential,Masonry,830231,Low_or_Unzoned
POL-01660,39.29015612621748,-123.25615209650795,Commercial,Wood Frame,2030327,Low_or_Unzoned
POL-01661,36.46783646026145,-121.31619475945479,Residential,Steel Frame,2506200,Low_or_Unzoned
POL-01662,33.605405609062714,-117.17110004927318,Residential,Wood Frame,487349,Low_or_Unzoned
POL-01663,41.41558050303447,-121.39459523648654,Commercial,Wood Frame,248812,Low_or_Unzoned
POL-01664,35.869328947358284,-120.18951076431,Commercial,Wood Frame,435289,Low_or_Unzoned
POL-01665,37.73130210468809,-122.07083851139842,Residential,Masonry,6435604,Low_or_Unzoned
POL-01666,40.41961809951414,-122.43477013857226,Residential,Masonry,153970,Low_or_Unzoned
POL-01667,40.2393745447449,-123.91900993478487,Residential,Wood Frame,370855,Low_or_Unzoned
POL-01668,38.312394690980604,-122.41962721085244,Residential,Wood Frame,174529,Low_or_Unzoned
POL-01669,34.92569555075082,-117.91378679332223,Residential,Wood Frame,597082,Very High
POL-01670,38.9203177884887,-120.86880001174926,Residential,Masonry,206456,Low_or_Unzoned
POL-01671,38.752518330826945,-120.7426678342639,Residential,Masonry,495339,Low_or_Unzoned
POL-01672,33.98972070050965,-114.62811173534297,Commercial,Masonry,113541,Low_or_Unzoned
POL-01673,36.48223732107015,-118.79224646343144,Commercial,Masonry,885667,Low_or_Unzoned
POL-01674,34.097934729781926,-117.63533180896036,Residential,Wood Frame,1436724,Very High
POL-01675,40.8536370489455,-120.4359748746837,Residential,Wood Frame,397458,Low_or_Unzoned
POL-01676,34.59423704033148,-115.1779147764739,Residential,Wood Frame,484996,Low_or_Unzoned
POL-01677,40.91872683522878,-123.4010633439671,Residential,Masonry,474147,Low_or_Unzoned
POL-01678,41.20599517305463,-122.29450295843327,Residential,Wood Frame,624513,Low_or_Unzoned
POL-01679,38.53643639018814,-120.36212169064467,Residential,Wood Frame,524113,Low_or_Unzoned
POL-01680,38.48329621712972,-121.17567443431217,Residential,Steel Frame,998983,Low_or_Unzoned
POL-01681,36.33050101524631,-120.29836963491331,Residential,Masonry,1449068,Low_or_Unzoned
POL-01682,39.64777988188599,-122.91979727023785,Commercial,Wood Frame,281740,Low_or_Unzoned
POL-01683,37.54729317433385,-119.21251421876268,Commercial,Masonry,421905,Low_or_Unzoned
POL-01684,36.57035008656356,-119.86389289102158,Residential,Steel Frame,1111582,High
POL-01685,33.89114443772675,-117.08638979630068,Residential,Wood Frame,173280,Low_or_Unzoned
POL-01686,37.63281705200792,-121.79419569401361,Commercial,Wood Frame,111683,Low_or_Unzoned
POL-01687,36.59736621023964,-118.44128578224914,Residential,Wood Frame,647615,Low_or_Unzoned
POL-01688,41.193076958913615,-121.67424259730089,Commercial,Wood Frame,803776,Low_or_Unzoned
POL-01689,34.88610804170981,-116.06710256616941,Commercial,Masonry,303203,Low_or_Unzoned
POL-01690,40.52001709021836,-124.03647159808172,Commercial,Wood Frame,340128,Low_or_Unzoned
POL-01691,35.4304486741501,-116.14128048333215,Residential,Wood Frame,294150,Low_or_Unzoned
POL-01692,37.943900905880646,-120.35485917389732,Residential,Wood Frame,270076,High
POL-01693,35.58950636462401,-119.3317300754816,Commercial,Wood Frame,941092,Low_or_Unzoned
POL-01694,32.873059435295694,-115.25316893662193,Residential,Wood Frame,210155,Low_or_Unzoned
POL-01695,35.08398675077138,-120.16443250931326,Residential,Masonry,436953,Low_or_Unzoned
POL-01696,41.79437047704014,-123.98235354470371,Residential,Wood Frame,261903,Low_or_Unzoned
POL-01697,41.674598493287604,-124.47535152439174,Residential,Masonry,168681,Low_or_Unzoned
POL-01698,38.875384992316775,-123.30549943255222,Commercial,Masonry,1083971,Low_or_Unzoned
POL-01699,40.1515854089368,-120.18491361562302,Residential,Wood Frame,356517,Low_or_Unzoned
POL-01700,36.302016620571884,-117.02324408139673,Commercial,Masonry,628286,Low_or_Unzoned
POL-01701,39.94133083808245,-122.62626792196707,Commercial,Masonry,161706,Low_or_Unzoned
POL-01702,34.221241150975786,-116.42286912796334,Residential,Wood Frame,298477,Low_or_Unzoned
POL-01703,36.46333747636348,-119.14755079754084,Residential,Wood Frame,989416,Low_or_Unzoned
POL-01704,34.02214320927681,-118.35476080714662,Commercial,Masonry,4281513,Very High
POL-01705,36.4723754875466,-119.50872978935088,Residential,Steel Frame,111193,Low_or_Unzoned
POL-01706,39.69418829361726,-120.6830981976227,Commercial,Wood Frame,460060,Low_or_Unzoned
POL-01707,33.299212791464136,-115.03677831813609,Commercial,Wood Frame,751498,Low_or_Unzoned
POL-01708,34.04868158124142,-114.71491630772671,Residential,Wood Frame,330089,Low_or_Unzoned
POL-01709,32.72522365962293,-114.52278233841298,Commercial,Wood Frame,1066206,Low_or_Unzoned
POL-01710,40.431998454096835,-123.83574194588292,Residential,Wood Frame,270117,Low_or_Unzoned
POL-01711,34.699014530770334,-115.11537102849958,Residential,Wood Frame,611138,Low_or_Unzoned
POL-01712,36.232503534485204,-121.1932011116812,Commercial,Wood Frame,355877,Low_or_Unzoned
POL-01713,38.04089772696929,-119.58115701058558,Commercial,Wood Frame,1433378,Low_or_Unzoned
POL-01714,39.98003360241809,-124.17480866406365,Residential,Wood Frame,314553,Low_or_Unzoned
POL-01715,38.089346099339956,-120.08647841344727,Residential,Wood Frame,407787,Low_or_Unzoned
POL-01716,35.079174024155755,-119.07939785639937,Residential,Wood Frame,1151471,Low_or_Unzoned
POL-01717,41.09031126837187,-122.88563222291936,Residential,Wood Frame,237415,Low_or_Unzoned
POL-01718,32.98044448633017,-116.8170946364069,Residential,Masonry,570917,Low_or_Unzoned
POL-01719,36.54815176054619,-117.05360261015875,Residential,Steel Frame,125740,Low_or_Unzoned
POL-01720,40.40745362677945,-122.39643187848736,Residential,Wood Frame,226308,Low_or_Unzoned
POL-01721,40.15366365095175,-122.28442973707098,Commercial,Wood Frame,733589,Low_or_Unzoned
POL-01722,34.6310263091085,-117.27292351651383,Residential,Wood Frame,244615,Low_or_Unzoned
POL-01723,33.40592875209354,-116.26849855997267,Residential,Wood Frame,349528,Low_or_Unzoned
POL-01724,36.77555707454914,-119.74075138847847,Commercial,Wood Frame,801683,High
POL-01725,35.705815650160176,-116.18200564810992,Commercial,Wood Frame,339983,Low_or_Unzoned
POL-01726,33.29348668946018,-117.62485461151527,Commercial,Masonry,1043690,Low_or_Unzoned
POL-01727,39.64844920707169,-121.62287630595175,Residential,Wood Frame,642119,Low_or_Unzoned
POL-01728,36.70001682945734,-121.63182398611558,Residential,Wood Frame,765700,Low_or_Unzoned
POL-01729,36.24843699552977,-119.71904812700967,Residential,Masonry,1458286,Low_or_Unzoned
POL-01730,39.02918854192471,-123.65965801745766,Residential,Masonry,697919,Low_or_Unzoned
POL-01731,37.900485920489785,-118.9487985363724,Residential,Wood Frame,1850706,Low_or_Unzoned
POL-01732,34.94497185481552,-115.3669701589538,Residential,Wood Frame,1120191,Low_or_Unzoned
POL-01733,36.75762304670253,-121.04406459166115,Residential,Wood Frame,355484,Low_or_Unzoned
POL-01734,34.60175928816349,-115.60008057073568,Residential,Wood Frame,1520452,Low_or_Unzoned
POL-01735,38.93220027025526,-122.28785582806059,Residential,Wood Frame,667365,Low_or_Unzoned
POL-01736,40.99386800794953,-123.75644563544947,Residential,Wood Frame,394059,Low_or_Unzoned
POL-01737,37.229757214886035,-120.29769949684248,Residential,Wood Frame,675162,High
POL-01738,34.68580267264601,-119.88532861801643,Residential,Masonry,1315676,Low_or_Unzoned
POL-01739,34.662509090284225,-118.56568080964865,Residential,Masonry,777653,Very High
POL-01740,37.48214528564862,-119.79714087913314,Residential,Wood Frame,2321941,High
POL-01741,40.1579191056271,-121.25267677268201,Residential,Wood Frame,1288803,Low_or_Unzoned
POL-01742,35.8580360137196,-119.22481545764288,Residential,Wood Frame,821204,Low_or_Unzoned
POL-01743,38.600991551525624,-120.94386415320118,Residential,Wood Frame,237790,Low_or_Unzoned
POL-01744,34.833499953463736,-116.55137538865272,Commercial,Wood Frame,467995,Low_or_Unzoned
POL-01745,35.79145822724734,-118.64920002823453,Residential,Masonry,572250,Low_or_Unzoned
POL-01746,41.743930820384534,-122.32816909949261,Residential,Masonry,943456,Low_or_Unzoned
POL-01747,32.88929311137396,-115.63374107093331,Commercial,Masonry,899744,Low_or_Unzoned
POL-01748,39.22146678029141,-120.34174436382537,Residential,Masonry,618858,Low_or_Unzoned
POL-01749,36.27753236446115,-119.14632240878277,Residential,Steel Frame,594978,Low_or_Unzoned
POL-01750,35.69497091129708,-115.98638435269942,Residential,Masonry,961611,Low_or_Unzoned
POL-01751,34.727598064440116,-119.91068013104652,Commercial,Steel Frame,271884,Low_or_Unzoned
POL-01752,37.7423729685746,-118.57336066263495,Residential,Wood Frame,2097827,Low_or_Unzoned
POL-01753,34.942625787987595,-116.17356666037863,Residential,Wood Frame,105057,Low_or_Unzoned
POL-01754,34.11270573296779,-117.70854056633448,Residential,Wood Frame,1731203,Very High
POL-01755,37.07069407226003,-121.0203615411023,Residential,Steel Frame,521180,Low_or_Unzoned
POL-01756,37.921313500317495,-121.10804236150467,Residential,Wood Frame,1205088,Low_or_Unzoned
POL-01757,36.638097001120734,-119.63030372771031,Commercial,Wood Frame,722933,High
POL-01758,36.441045077865155,-120.14167964541811,Residential,Wood Frame,712708,Low_or_Unzoned
POL-01759,39.460872446426414,-122.93449537394994,Residential,Masonry,841889,Low_or_Unzoned
POL-01760,40.416077179340554,-120.25471947219253,Residential,Wood Frame,1032241,Low_or_Unzoned
POL-01761,34.87461032177521,-115.30904463230196,Residential,Masonry,415374,Low_or_Unzoned
POL-01762,38.290520842663604,-122.51175960935302,Commercial,Steel Frame,1236554,Low_or_Unzoned
POL-01763,35.480930361404425,-118.40040406841408,Residential,Masonry,226936,Low_or_Unzoned
POL-01764,33.84752177736136,-117.9313093735676,Residential,Wood Frame,538065,Low_or_Unzoned
POL-01765,38.77691023453694,-121.46639968405998,Residential,Wood Frame,1054709,Low_or_Unzoned
POL-01766,40.69541404798439,-121.63319764540347,Residential,Wood Frame,1197820,Low_or_Unzoned
POL-01767,41.100557369572854,-122.54163436870738,Residential,Wood Frame,781234,Low_or_Unzoned
POL-01768,34.314992752732486,-115.33312618397557,Commercial,Wood Frame,394465,Low_or_Unzoned
POL-01769,40.254164592696604,-120.22792687083735,Residential,Masonry,1107223,Low_or_Unzoned
POL-01770,41.88849009386028,-121.74925657507556,Commercial,Wood Frame,316319,Low_or_Unzoned
POL-01771,32.95044854333081,-116.1289844622606,Commercial,Masonry,2193759,Low_or_Unzoned
POL-01772,40.11112928130559,-121.33131815706909,Commercial,Steel Frame,504974,Low_or_Unzoned
POL-01773,34.386157159247915,-116.53121453954584,Residential,Wood Frame,157676,Low_or_Unzoned
POL-01774,37.200870337903496,-121.38065422628102,Residential,Steel Frame,207783,Low_or_Unzoned
POL-01775,39.55194733257038,-120.02119503046278,Commercial,Masonry,559564,Low_or_Unzoned
POL-01776,39.81891197715211,-122.54748882339422,Commercial,Wood Frame,604320,Low_or_Unzoned
POL-01777,35.399538036224165,-116.91099865518318,Commercial,Wood Frame,2612257,Low_or_Unzoned
POL-01778,41.75055452936569,-121.6911254977844,Residential,Wood Frame,235437,Low_or_Unzoned
POL-01779,34.800742733140794,-116.07834312723656,Residential,Wood Frame,557696,Low_or_Unzoned
POL-01780,34.131244895250035,-116.21601558631704,Commercial,Masonry,231529,Low_or_Unzoned
POL-01781,38.474598876774344,-119.73454081530696,Residential,Wood Frame,364352,Low_or_Unzoned
POL-01782,33.62041741130522,-118.25283224791457,Residential,Masonry,2078542,Low_or_Unzoned
POL-01783,32.50230787712787,-114.806989178973,Residential,Wood Frame,217712,Low_or_Unzoned
POL-01784,34.71928580434425,-119.63312945623521,Residential,Wood Frame,864264,Low_or_Unzoned
POL-01785,38.28143013515275,-121.63842272507783,Residential,Wood Frame,739941,Low_or_Unzoned
POL-01786,41.72359475877376,-121.6211744961296,Residential,Wood Frame,530016,Low_or_Unzoned
POL-01787,38.97387581891313,-123.30247187409331,Residential,Wood Frame,818762,Low_or_Unzoned
POL-01788,35.23485528168102,-115.55151648775293,Residential,Wood Frame,213626,Low_or_Unzoned
POL-01789,33.64257414972177,-118.1856399166043,Residential,Masonry,2033070,Low_or_Unzoned
POL-01790,41.25016011984602,-124.34344222637452,Residential,Masonry,2520269,Low_or_Unzoned
POL-01791,37.57509389434685,-119.98973420303291,Commercial,Wood Frame,561116,High
POL-01792,36.32179944172503,-120.38720485713618,Residential,Wood Frame,3754572,Low_or_Unzoned
POL-01793,39.94125587816923,-122.88326931276032,Residential,Wood Frame,392690,Low_or_Unzoned
POL-01794,41.64645567581695,-120.5433941354463,Commercial,Wood Frame,744408,Low_or_Unzoned
POL-01795,33.703230792048345,-117.90408265264128,Commercial,Masonry,1698933,Low_or_Unzoned
POL-01796,36.49598725034878,-118.75400700726752,Residential,Masonry,374293,Low_or_Unzoned
POL-01797,37.06894527680088,-122.07265322705736,Residential,Masonry,178931,Low_or_Unzoned
POL-01798,36.07496226107248,-120.8898638417831,Residential,Wood Frame,148839,Low_or_Unzoned
POL-01799,35.95029667530414,-118.05267241628917,Residential,Masonry,2809905,Low_or_Unzoned
POL-01800,32.99655234183517,-115.46102220554378,Commercial,Wood Frame,353903,Low_or_Unzoned
POL-01801,36.64403696264043,-118.68929971824915,Commercial,Steel Frame,465752,Low_or_Unzoned
POL-01802,40.25231827186965,-120.66696158581104,Commercial,Wood Frame,221857,Low_or_Unzoned
POL-01803,35.23744528988533,-117.3480541597399,Residential,Wood Frame,1153915,Low_or_Unzoned
POL-01804,33.952960271516545,-115.15169820975666,Residential,Wood Frame,289164,Low_or_Unzoned
POL-01805,41.960122493909225,-120.15912596067396,Commercial,Wood Frame,364758,Low_or_Unzoned
POL-01806,33.91804612035785,-117.00172396227579,Residential,Masonry,686674,Low_or_Unzoned
POL-01807,34.78946445096122,-117.12006635434166,Residential,Masonry,230674,Low_or_Unzoned
POL-01808,37.44152211873176,-119.14224221468318,Commercial,Wood Frame,468426,Low_or_Unzoned
POL-01809,35.96577191492464,-119.94526377682259,Residential,Masonry,1659069,Low_or_Unzoned
POL-01810,34.46918396422249,-118.31765744360759,Residential,Wood Frame,761163,Very High
POL-01811,36.08906982713941,-121.23247933427905,Commercial,Wood Frame,599849,Low_or_Unzoned
POL-01812,35.508501382160794,-119.77836156570585,Residential,Steel Frame,641710,Low_or_Unzoned
POL-01813,37.98339759101433,-121.42522596416727,Residential,Masonry,395810,Low_or_Unzoned
POL-01814,33.12597556780374,-117.36516576126617,Residential,Wood Frame,2668219,Low_or_Unzoned
POL-01815,41.40101791213261,-123.1302383846377,Residential,Wood Frame,282172,Low_or_Unzoned
POL-01816,36.08389386429911,-116.49179521022661,Residential,Wood Frame,639691,Low_or_Unzoned
POL-01817,33.706818971745705,-115.06865305226229,Residential,Masonry,592449,Low_or_Unzoned
POL-01818,34.15309925615318,-118.02269927576143,Residential,Steel Frame,1211064,Very High
POL-01819,36.10488311563792,-117.83224205551309,Commercial,Wood Frame,1306077,Low_or_Unzoned
POL-01820,37.312224999131196,-119.84985968588815,Residential,Masonry,526699,High
POL-01821,37.846887253538725,-119.34301982408604,Commercial,Wood Frame,681828,Low_or_Unzoned
POL-01822,35.47699309734414,-117.33396980451295,Residential,Wood Frame,702800,Low_or_Unzoned
POL-01823,39.46731756868161,-121.05230322498745,Residential,Steel Frame,87753,Low_or_Unzoned
POL-01824,40.777131387150995,-123.70964146946216,Residential,Wood Frame,151570,Low_or_Unzoned
POL-01825,35.82400690465029,-116.2598696277907,Residential,Wood Frame,333017,Low_or_Unzoned
POL-01826,37.73751521129674,-119.40229314275834,Commercial,Masonry,344800,Low_or_Unzoned
POL-01827,35.91565987294003,-120.97749558911087,Residential,Wood Frame,207020,Low_or_Unzoned
POL-01828,37.48883809181148,-121.65167984192665,Residential,Wood Frame,984280,Low_or_Unzoned
POL-01829,34.42843881231637,-118.04319113186995,Residential,Steel Frame,541281,Very High
POL-01830,40.071001288148636,-123.33119962448572,Residential,Masonry,455087,Low_or_Unzoned
POL-01831,38.109047979524966,-122.27268331341963,Residential,Masonry,197812,Low_or_Unzoned
POL-01832,38.47661699702553,-120.99599409100418,Residential,Wood Frame,521447,Low_or_Unzoned
POL-01833,39.24664603260653,-123.42025543132635,Residential,Wood Frame,66082,Low_or_Unzoned
POL-01834,32.732055387936015,-115.5161724159327,Residential,Steel Frame,474318,Low_or_Unzoned
POL-01835,38.859414610409615,-123.30901201916866,Residential,Wood Frame,568380,Low_or_Unzoned
POL-01836,41.17545663723464,-122.30109192359706,Residential,Wood Frame,655748,Low_or_Unzoned
POL-01837,32.601366206558545,-116.35053626123901,Residential,Wood Frame,154618,Low_or_Unzoned
POL-01838,35.96839224220216,-120.68591512509714,Residential,Wood Frame,646839,Low_or_Unzoned
POL-01839,39.11229836639658,-123.2478732393446,Commercial,Wood Frame,234885,Low_or_Unzoned
POL-01840,33.16163574360852,-114.73492944175176,Commercial,Masonry,282102,Low_or_Unzoned
POL-01841,37.44622586047406,-121.03802215815087,Commercial,Steel Frame,959670,Low_or_Unzoned
POL-01842,39.55090958665076,-120.39712134905452,Residential,Wood Frame,2706835,Low_or_Unzoned
POL-01843,36.51323500529335,-118.18455344074732,Commercial,Masonry,563029,Low_or_Unzoned
POL-01844,36.281828193244195,-117.44774932472308,Residential,Masonry,281060,Low_or_Unzoned
POL-01845,35.68779341611824,-119.37795844102021,Commercial,Masonry,628402,Low_or_Unzoned
POL-01846,40.798777974157346,-122.25380985975296,Residential,Wood Frame,1145352,Low_or_Unzoned
POL-01847,35.629091636825066,-120.11251004151762,Residential,Wood Frame,888063,Low_or_Unzoned
POL-01848,38.08405634813054,-121.43585653047334,Residential,Wood Frame,4850005,Low_or_Unzoned
POL-01849,41.70967406892085,-120.01176940095391,Residential,Wood Frame,304897,Low_or_Unzoned
POL-01850,39.08549065107924,-120.19145525947441,Commercial,Wood Frame,661182,Low_or_Unzoned
POL-01851,34.298928320022696,-119.56707820517437,Commercial,Wood Frame,1865676,Low_or_Unzoned
POL-01852,39.827569860560075,-121.80760711945808,Commercial,Wood Frame,1774319,Low_or_Unzoned
POL-01853,38.36809856879161,-119.34378652863742,Residential,Wood Frame,113543,Low_or_Unzoned
POL-01854,40.37103746602433,-120.47937772303737,Residential,Wood Frame,538915,Low_or_Unzoned
POL-01855,34.9608338689818,-118.31019346615804,Residential,Wood Frame,1771995,Very High
POL-01856,39.232428839672316,-120.88273052100415,Commercial,Masonry,5457571,Low_or_Unzoned
POL-01857,34.54111876103748,-117.93049460336827,Residential,Wood Frame,948879,Very High
POL-01858,32.88313652998937,-114.94068355942979,Commercial,Masonry,402604,Low_or_Unzoned
POL-01859,34.19697432916585,-119.19627445605792,Residential,Steel Frame,241020,Low_or_Unzoned
POL-01860,37.02916181732912,-118.04794941386868,Residential,Masonry,3188288,Low_or_Unzoned
POL-01861,35.07140875667025,-117.36341112302334,Commercial,Masonry,968005,Low_or_Unzoned
POL-01862,38.24846541125293,-121.20426657842047,Residential,Steel Frame,274181,Low_or_Unzoned
POL-01863,36.259575883549864,-117.31579845882212,Residential,Wood Frame,459307,Low_or_Unzoned
POL-01864,40.73593990688987,-120.09362517898045,Residential,Steel Frame,692559,Low_or_Unzoned
POL-01865,39.59406142408252,-122.52416621644436,Commercial,Masonry,834881,Low_or_Unzoned
POL-01866,40.6487727095382,-124.41279916820504,Residential,Masonry,263104,Low_or_Unzoned
POL-01867,36.69168185637131,-118.3326488156964,Residential,Wood Frame,330594,Low_or_Unzoned
POL-01868,33.696436089951256,-116.27111861800977,Residential,Wood Frame,144012,Low_or_Unzoned
POL-01869,41.079426316968444,-123.31762493508722,Residential,Masonry,1241473,Low_or_Unzoned
POL-01870,39.965180600321325,-120.90271290220974,Residential,Masonry,411146,Low_or_Unzoned
POL-01871,41.43917498450654,-122.52235783046078,Residential,Masonry,784700,Low_or_Unzoned
POL-01872,37.1205349578389,-119.24480360169555,Commercial,Wood Frame,1685894,Low_or_Unzoned
POL-01873,39.95818268485337,-122.9233867360693,Commercial,Wood Frame,644284,Low_or_Unzoned
POL-01874,37.76764658605112,-121.10243515758512,Residential,Wood Frame,493670,Low_or_Unzoned
POL-01875,36.943703194097004,-117.54986383334177,Commercial,Wood Frame,631047,Low_or_Unzoned
POL-01876,40.20604473685176,-122.86285564854032,Residential,Wood Frame,568385,Low_or_Unzoned
POL-01877,32.81184223878278,-116.2055431674461,Residential,Wood Frame,1464364,Low_or_Unzoned
POL-01878,38.642900769746774,-122.46243425742115,Residential,Wood Frame,692920,Low_or_Unzoned
POL-01879,32.96809970903633,-115.52328060663375,Residential,Wood Frame,349577,Low_or_Unzoned
POL-01880,40.598169413597795,-121.84686390873684,Residential,Wood Frame,1249531,Low_or_Unzoned
POL-01881,37.70980889904816,-121.06448813879642,Residential,Steel Frame,1446109,Low_or_Unzoned
POL-01882,34.37448272047257,-118.86023214298923,Commercial,Masonry,185226,Very High
POL-01883,35.178330741639826,-115.98285925333118,Residential,Masonry,1841750,Low_or_Unzoned
POL-01884,34.717264559852204,-117.85237836146382,Residential,Wood Frame,723437,Very High
POL-01885,37.41264843707664,-118.10876801444216,Residential,Masonry,677805,Low_or_Unzoned
POL-01886,39.75429955633451,-122.89714370999363,Residential,Wood Frame,1208994,Low_or_Unzoned
POL-01887,40.00371389983762,-120.76778063240498,Residential,Steel Frame,343320,Low_or_Unzoned
POL-01888,38.37428991693184,-121.54368444135395,Residential,Masonry,1159305,Low_or_Unzoned
POL-01889,33.57444752452631,-115.6706657445294,Commercial,Wood Frame,399744,Low_or_Unzoned
POL-01890,36.65182039177282,-120.33560760698938,Commercial,Masonry,166049,High
POL-01891,36.270449234345875,-120.61496282396217,Residential,Wood Frame,243237,Low_or_Unzoned
POL-01892,39.5636705615543,-121.50959607037971,Residential,Wood Frame,850532,Low_or_Unzoned
POL-01893,36.18726426952137,-116.61525186807441,Commercial,Masonry,253628,Low_or_Unzoned
POL-01894,34.654952472092205,-116.99578178093299,Residential,Wood Frame,1959227,Low_or_Unzoned
POL-01895,37.96725967545606,-118.96335910214766,Residential,Wood Frame,1399221,Low_or_Unzoned
POL-01896,37.39181133417638,-121.21407101784223,Residential,Masonry,1570259,Low_or_Unzoned
POL-01897,34.12143563537122,-118.47129900409938,Residential,Wood Frame,597089,Very High
POL-01898,34.95042531447555,-119.71089330506926,Commercial,Masonry,664167,Low_or_Unzoned
POL-01899,35.66579653523191,-119.76097165623747,Residential,Steel Frame,207945,Low_or_Unzoned
POL-01900,33.35150184639387,-114.62247066378936,Residential,Wood Frame,1198554,Low_or_Unzoned
POL-01901,39.18899142733055,-120.71876398736546,Residential,Wood Frame,732242,Low_or_Unzoned
POL-01902,41.5899388416591,-122.08056929594946,Residential,Wood Frame,850725,Low_or_Unzoned
POL-01903,38.04166264489092,-120.18211269236757,Commercial,Wood Frame,2085771,Low_or_Unzoned
POL-01904,37.61464977551611,-121.67763049024674,Residential,Wood Frame,332777,Low_or_Unzoned
POL-01905,36.76060966602502,-117.62325878489257,Residential,Wood Frame,488496,Low_or_Unzoned
POL-01906,39.8663903886287,-123.32177883790364,Commercial,Wood Frame,701752,Low_or_Unzoned
POL-01907,34.909603506243066,-119.93858854975754,Residential,Wood Frame,255672,Low_or_Unzoned
POL-01908,33.73823687390618,-117.37010976306438,Residential,Masonry,465059,Low_or_Unzoned
POL-01909,35.438047059247104,-115.76162930470403,Residential,Masonry,801595,Low_or_Unzoned
POL-01910,33.738077493672115,-117.7178764727421,Residential,Masonry,416508,Low_or_Unzoned
POL-01911,33.10841347671549,-115.19142795759574,Residential,Wood Frame,1539843,Low_or_Unzoned
POL-01912,41.6342469527529,-121.85296407459585,Residential,Wood Frame,161338,Low_or_Unzoned
POL-01913,36.775905051613165,-119.42477981788156,Residential,Masonry,1326715,Low_or_Unzoned
POL-01914,38.586747134908606,-122.59427490315616,Commercial,Wood Frame,917078,Low_or_Unzoned
POL-01915,35.06555542796478,-115.75508506328985,Residential,Wood Frame,342811,Low_or_Unzoned
POL-01916,34.46495255085778,-118.04869490216976,Residential,Masonry,257937,Very High
POL-01917,37.86818668884859,-119.16744860503206,Residential,Wood Frame,102311,Low_or_Unzoned
POL-01918,33.61602103932668,-117.20286467740429,Commercial,Wood Frame,286032,Low_or_Unzoned
POL-01919,39.96383271847233,-121.26185678436596,Residential,Masonry,1248859,Low_or_Unzoned
POL-01920,33.59260389986693,-116.29191620712642,Commercial,Steel Frame,516655,Low_or_Unzoned
POL-01921,41.47735546278051,-121.34446904899579,Residential,Wood Frame,1370086,Low_or_Unzoned
POL-01922,38.60691721274951,-122.12352618276071,Commercial,Wood Frame,329095,Low_or_Unzoned
POL-01923,36.12881043189799,-119.57991205406104,Residential,Wood Frame,951395,Low_or_Unzoned
POL-01924,41.58973937061334,-120.03888676578589,Residential,Masonry,304370,Low_or_Unzoned
POL-01925,41.640766140172104,-122.69170761682615,Residential,Wood Frame,249581,Low_or_Unzoned
POL-01926,41.958239917133305,-121.39266183944882,Commercial,Wood Frame,495983,Low_or_Unzoned
POL-01927,35.30184579013671,-118.71102922823084,Residential,Steel Frame,317434,Low_or_Unzoned
POL-01928,34.5912278198765,-117.09222206303706,Residential,Wood Frame,157273,Low_or_Unzoned
POL-01929,35.178400401246705,-117.35775960519649,Residential,Steel Frame,467029,Low_or_Unzoned
POL-01930,36.71419716252278,-121.43050023152449,Commercial,Steel Frame,588391,Low_or_Unzoned
POL-01931,39.19665576094769,-120.83079977177191,Commercial,Wood Frame,1490596,Low_or_Unzoned
POL-01932,38.67587828582935,-120.56947038618424,Residential,Masonry,1143317,Low_or_Unzoned
POL-01933,38.709736525853394,-121.64311634543124,Residential,Wood Frame,1433965,Low_or_Unzoned
POL-01934,41.58410114961446,-123.57271642720494,Residential,Masonry,961534,Low_or_Unzoned
POL-01935,32.528698277883535,-115.78354152609514,Commercial,Masonry,705096,Low_or_Unzoned
POL-01936,34.85535827315517,-115.54233041385112,Commercial,Wood Frame,202165,Low_or_Unzoned
POL-01937,41.3140190540655,-122.19262184824777,Residential,Masonry,609197,Low_or_Unzoned
POL-01938,41.35527219628369,-123.81989190498538,Residential,Masonry,871032,Low_or_Unzoned
POL-01939,39.77475154995163,-122.27894942843416,Commercial,Wood Frame,1734015,Low_or_Unzoned
POL-01940,34.22157141432936,-116.17452607753883,Commercial,Wood Frame,935681,Low_or_Unzoned
POL-01941,36.95219055146566,-120.97290462637976,Residential,Wood Frame,1457607,High
POL-01942,41.416493276067314,-123.09049659951569,Residential,Wood Frame,236665,Low_or_Unzoned
POL-01943,37.77836296948283,-118.80798665341766,Residential,Steel Frame,416176,Low_or_Unzoned
POL-01944,34.116356031683,-116.46226574574436,Residential,Masonry,761831,Low_or_Unzoned
POL-01945,41.2014585375635,-122.38481194271917,Residential,Wood Frame,1367865,Low_or_Unzoned
POL-01946,35.23537389388558,-115.42845120479225,Residential,Wood Frame,481093,Low_or_Unzoned
POL-01947,39.26971336933474,-122.84426894323195,Residential,Wood Frame,505874,Low_or_Unzoned
POL-01948,35.53351036020305,-116.17513239471022,Residential,Wood Frame,936319,Low_or_Unzoned
POL-01949,34.89592282051365,-119.95725395365763,Residential,Wood Frame,219542,Low_or_Unzoned
POL-01950,36.84450779398179,-120.03426442183789,Residential,Wood Frame,1955044,High
POL-01951,33.9892480021933,-117.6942354857148,Commercial,Wood Frame,267450,Low_or_Unzoned
POL-01952,36.55085753667374,-120.25778891994045,Residential,Steel Frame,116439,High
POL-01953,38.53399139420738,-122.51532079298718,Residential,Masonry,544734,Low_or_Unzoned
POL-01954,41.14077657015342,-122.48518072796,Residential,Masonry,2102771,Low_or_Unzoned
POL-01955,39.97981405989222,-121.20924160451716,Commercial,Wood Frame,863856,Low_or_Unzoned
POL-01956,35.577007749513605,-118.40814811713639,Commercial,Steel Frame,985468,Low_or_Unzoned
POL-01957,33.79438036837379,-117.55146587536234,Residential,Masonry,558555,Low_or_Unzoned
POL-01958,36.97224272768223,-121.82007222235507,Commercial,Masonry,478350,Low_or_Unzoned
POL-01959,40.84209437136416,-123.56287760781586,Residential,Wood Frame,157011,Low_or_Unzoned
POL-01960,38.904825107842505,-120.0254087412674,Commercial,Wood Frame,88653,Low_or_Unzoned
POL-01961,38.761977673701274,-122.21384514040624,Residential,Wood Frame,632235,Low_or_Unzoned
POL-01962,36.04967781554335,-117.36133482355467,Residential,Wood Frame,1544235,Low_or_Unzoned
POL-01963,36.18715383930072,-117.74922231431202,Residential,Masonry,711625,Low_or_Unzoned
POL-01964,33.40905610255101,-115.4581324480298,Residential,Steel Frame,889913,Low_or_Unzoned
POL-01965,38.65798718576128,-121.46124612760367,Residential,Wood Frame,1918346,Low_or_Unzoned
POL-01966,36.425347548626576,-117.5444852790758,Commercial,Wood Frame,702930,Low_or_Unzoned
POL-01967,36.3533842074267,-118.06221927571362,Commercial,Masonry,489860,Low_or_Unzoned
POL-01968,33.13739045998385,-117.32887360376878,Residential,Wood Frame,280738,Low_or_Unzoned
POL-01969,34.120038699240865,-116.32468573364416,Residential,Masonry,2724430,Low_or_Unzoned
POL-01970,41.02548097574265,-121.88857486235209,Residential,Masonry,823433,Low_or_Unzoned
POL-01971,37.110166812546886,-120.44981055705175,Residential,Wood Frame,254007,High
POL-01972,41.04914066186938,-123.87497493284586,Residential,Masonry,211729,Low_or_Unzoned
POL-01973,36.75752829700552,-118.39416274894724,Residential,Wood Frame,1472468,Low_or_Unzoned
POL-01974,34.1417904888363,-118.81276416775295,Commercial,Masonry,235636,Very High
POL-01975,35.7728059872436,-120.42762645329861,Residential,Masonry,2381086,Low_or_Unzoned
POL-01976,35.06474955012689,-116.07983588131218,Residential,Masonry,59565,Low_or_Unzoned
POL-01977,34.604507943072484,-115.8645657448291,Residential,Wood Frame,1686348,Low_or_Unzoned
POL-01978,36.96807845540346,-121.73248401535469,Residential,Wood Frame,797722,Low_or_Unzoned
POL-01979,40.79896540471748,-122.31046082685853,Residential,Wood Frame,594143,Low_or_Unzoned
POL-01980,36.327455294975465,-120.42957104413262,Commercial,Wood Frame,469598,Low_or_Unzoned
POL-01981,41.118810089132246,-120.0295030432318,Residential,Masonry,2452415,Low_or_Unzoned
POL-01982,39.53297379301754,-123.70912496224224,Residential,Wood Frame,951359,Low_or_Unzoned
POL-01983,35.803815927242155,-119.8964966338826,Commercial,Masonry,262350,Low_or_Unzoned
POL-01984,37.44494506959439,-118.70174178542639,Residential,Wood Frame,136608,Low_or_Unzoned
POL-01985,36.47444886507353,-121.58755396000033,Commercial,Wood Frame,622710,Low_or_Unzoned
POL-01986,36.37619086720827,-119.76277796128025,Residential,Masonry,539902,Low_or_Unzoned
POL-01987,34.87374091995033,-115.09703873600132,Residential,Wood Frame,160188,Low_or_Unzoned
POL-01988,41.154649149802594,-124.13268387276534,Commercial,Masonry,516941,Low_or_Unzoned
POL-01989,41.935055519868044,-121.75879860109904,Commercial,Wood Frame,341414,Low_or_Unzoned
POL-01990,34.71400528585616,-114.95171656938784,Residential,Steel Frame,544395,Low_or_Unzoned
POL-01991,41.60411302157318,-123.6421084241766,Residential,Wood Frame,965825,Low_or_Unzoned
POL-01992,34.03045022093601,-117.88057164422631,Commercial,Masonry,1783499,Very High
POL-01993,34.20999635780152,-115.47373893906334,Residential,Wood Frame,1118066,Low_or_Unzoned
POL-01994,40.559968401089854,-122.38210214744237,Residential,Wood Frame,303412,Low_or_Unzoned
POL-01995,38.242645331455364,-121.97660975217927,Commercial,Steel Frame,725874,Low_or_Unzoned
POL-01996,35.192880918008754,-118.4613180471367,Residential,Masonry,568346,Low_or_Unzoned
POL-01997,36.38787095096127,-118.8518081716872,Commercial,Wood Frame,186147,Low_or_Unzoned
POL-01998,35.24733494367576,-116.95271513438973,Commercial,Wood Frame,743100,Low_or_Unzoned
POL-01999,40.18528862133023,-122.23902946094832,Residential,Wood Frame,2386498,Low_or_Unzoned
POL-02000,38.26186614057058,-120.17507647719783,Commercial,Wood Frame,554566,Low_or_Unzoned
